Date,Price
2008-12-31,147.7
2009-01-01,147.7
2009-01-02,153.37
2009-01-05,154.43
2009-01-06,157.9
2009-01-07,157.75
2009-01-08,155.32
2009-01-09,152.16
2009-01-12,150.85
2009-01-13,147.24
2009-01-14,137.6
2009-01-15,133.66
2009-01-16,133.3
2009-01-19,124.84
2009-01-20,116.3
2009-01-21,117.15
2009-01-22,116.35
2009-01-23,114.46
2009-01-26,122.17
2009-01-27,123.21
2009-01-28,136.82
2009-01-29,133.26
2009-01-30,133.15
2009-02-02,126.61
2009-02-03,127.15
2009-02-04,129.37
2009-02-05,127.14
2009-02-06,129.96
2009-02-09,131.57
2009-02-10,127.76
2009-02-11,126.61
2009-02-12,122.84
2009-02-13,122.11
2009-02-16,116.95
2009-02-17,109.13
2009-02-18,110.2
2009-02-19,109.94
2009-02-20,102.35
2009-02-23,100.76
2009-02-24,101.08
2009-02-25,102.44
2009-02-26,109.69
2009-02-27,105.98
2009-03-02,98.07
2009-03-03,95.79
2009-03-04,98.24
2009-03-05,91.12
2009-03-06,87.54
2009-03-09,86.77
2009-03-10,97.51
2009-03-11,100.69
2009-03-12,104.69
2009-03-13,106.01
2009-03-16,111.53
2009-03-17,111.67
2009-03-18,114.44
2009-03-19,117.83
2009-03-20,117.99
2009-03-23,126.78
2009-03-24,126.74
2009-03-25,127.34
2009-03-26,129.28
2009-03-27,126.77
2009-03-30,115.85
2009-03-31,121.73
2009-04-01,125.08
2009-04-02,135.78
2009-04-03,137.62
2009-04-06,136.6
2009-04-07,134.11
2009-04-08,137.25
2009-04-09,145.76
2009-04-10,145.76
2009-04-13,145.76
2009-04-14,152.82
2009-04-15,150.08
2009-04-16,154.59
2009-04-17,159.1
2009-04-20,150.78
2009-04-21,147.69
2009-04-22,152.88
2009-04-23,151.09
2009-04-24,155.49
2009-04-27,155.18
2009-04-28,151.1
2009-04-29,156.55
2009-04-30,161.93
2009-05-01,161.93
2009-05-04,163.34
2009-05-05,166.61
2009-05-06,170.85
2009-05-07,168.87
2009-05-08,175.68
2009-05-11,173.74
2009-05-12,170.68
2009-05-13,159.52
2009-05-14,159.22
2009-05-15,161.49
2009-05-18,169.0
2009-05-19,174.65
2009-05-20,175.27
2009-05-21,171.14
2009-05-22,173.29
2009-05-25,173.44
2009-05-26,175.31
2009-05-27,176.89
2009-05-28,174.16
2009-05-29,175.32
2009-06-01,180.6
2009-06-02,180.78
2009-06-03,177.04
2009-06-04,177.3
2009-06-05,179.67
2009-06-08,176.65
2009-06-09,177.68
2009-06-10,180.85
2009-06-11,183.53
2009-06-12,183.93
2009-06-15,177.71
2009-06-16,174.77
2009-06-17,168.64
2009-06-18,172.2
2009-06-19,174.77
2009-06-22,167.73
2009-06-23,165.91
2009-06-24,172.31
2009-06-25,171.79
2009-06-26,171.55
2009-06-29,175.67
2009-06-30,174.08
2009-07-01,177.14
2009-07-02,171.19
2009-07-03,173.48
2009-07-06,169.67
2009-07-07,170.22
2009-07-08,166.48
2009-07-09,168.67
2009-07-10,166.24
2009-07-13,170.68
2009-07-14,175.3
2009-07-15,181.88
2009-07-16,183.72
2009-07-17,184.22
2009-07-20,187.36
2009-07-21,186.81
2009-07-22,187.38
2009-07-23,191.87
2009-07-24,193.24
2009-07-27,196.45
2009-07-28,192.62
2009-07-29,194.23
2009-07-30,198.82
2009-07-31,199.87
2009-08-03,203.42
2009-08-04,203.86
2009-08-05,203.38
2009-08-06,207.58
2009-08-07,212.37
2009-08-10,212.58
2009-08-11,208.82
2009-08-12,211.34
2009-08-13,215.6
2009-08-14,213.8
2009-08-17,207.68
2009-08-18,210.75
2009-08-19,209.39
2009-08-20,212.91
2009-08-21,219.91
2009-08-24,224.76
2009-08-25,226.27
2009-08-26,227.66
2009-08-27,227.26
2009-08-28,229.48
2009-08-31,225.25
2009-09-01,220.08
2009-09-02,216.31
2009-09-03,217.33
2009-09-04,222.5
2009-09-07,225.78
2009-09-08,222.84
2009-09-09,224.52
2009-09-10,222.17
2009-09-11,223.93
2009-09-14,221.73
2009-09-15,223.85
2009-09-16,229.32
2009-09-17,232.6
2009-09-18,231.75
2009-09-21,228.36
2009-09-22,229.07
2009-09-23,232.75
2009-09-24,229.24
2009-09-25,229.17
2009-09-28,234.37
2009-09-29,236.21
2009-09-30,233.25
2009-10-01,227.18
2009-10-02,220.96
2009-10-05,223.55
2009-10-06,232.76
2009-10-07,230.4
2009-10-08,232.79
2009-10-09,232.42
2009-10-12,234.98
2009-10-13,231.82
2009-10-14,239.66
2009-10-15,240.16
2009-10-16,235.5
2009-10-19,240.47
2009-10-20,238.94
2009-10-21,239.02
2009-10-22,234.77
2009-10-23,233.97
2009-10-26,228.43
2009-10-27,224.81
2009-10-28,217.47
2009-10-29,225.29
2009-10-30,219.0
2009-11-02,220.42
2009-11-03,212.9
2009-11-04,218.93
2009-11-05,221.67
2009-11-06,223.79
2009-11-09,229.71
2009-11-10,229.13
2009-11-11,232.51
2009-11-12,231.55
2009-11-13,232.19
2009-11-16,234.21
2009-11-17,231.55
2009-11-18,232.07
2009-11-19,227.7
2009-11-20,223.53
2009-11-23,229.81
2009-11-24,226.82
2009-11-25,226.71
2009-11-26,216.51
2009-11-27,220.48
2009-11-30,218.17
2009-12-01,223.99
2009-12-02,223.12
2009-12-03,223.3
2009-12-04,226.57
2009-12-07,224.92
2009-12-08,219.83
2009-12-09,214.75
2009-12-10,217.29
2009-12-11,214.97
2009-12-14,217.87
2009-12-15,216.32
2009-12-16,221.57
2009-12-17,216.98
2009-12-18,213.51
2009-12-21,216.84
2009-12-22,218.34
2009-12-23,219.92
2009-12-24,219.83
2009-12-25,219.83
2009-12-28,221.62
2009-12-29,222.07
2009-12-30,219.86
2009-12-31,219.96
2010-01-01,219.96
2010-01-04,224.51
2010-01-05,226.6
2010-01-06,227.74
2010-01-07,229.29
2010-01-08,232.16
2010-01-11,231.27
2010-01-12,227.77
2010-01-13,225.71
2010-01-14,226.92
2010-01-15,221.73
2010-01-18,221.17
2010-01-19,223.3
2010-01-20,216.86
2010-01-21,210.7
2010-01-22,207.3
2010-01-25,206.01
2010-01-26,206.4
2010-01-27,199.68
2010-01-28,195.85
2010-01-29,199.65
2010-02-01,201.89
2010-02-02,205.74
2010-02-03,200.22
2010-02-04,187.75
2010-02-05,182.43
2010-02-08,183.37
2010-02-09,186.08
2010-02-10,192.6
2010-02-11,188.3
2010-02-12,185.38
2010-02-15,186.28
2010-02-16,189.43
2010-02-17,193.1
2010-02-18,192.64
2010-02-19,194.85
2010-02-22,194.8
2010-02-23,188.47
2010-02-24,188.22
2010-02-25,184.7
2010-02-26,188.88
2010-03-01,191.24
2010-03-02,193.21
2010-03-03,196.42
2010-03-04,198.19
2010-03-05,204.86
2010-03-08,205.59
2010-03-09,203.92
2010-03-10,207.49
2010-03-11,205.56
2010-03-12,206.95
2010-03-15,204.35
2010-03-16,207.52
2010-03-17,210.69
2010-03-18,207.76
2010-03-19,206.82
2010-03-22,205.27
2010-03-23,207.63
2010-03-24,206.81
2010-03-25,210.95
2010-03-26,212.22
2010-03-29,211.8
2010-03-30,209.56
2010-03-31,207.22
2010-04-01,211.26
2010-04-02,211.26
2010-04-05,211.26
2010-04-06,212.0
2010-04-07,210.78
2010-04-08,206.56
2010-04-09,212.49
2010-04-12,215.37
2010-04-13,214.49
2010-04-14,216.91
2010-04-15,218.04
2010-04-16,210.61
2010-04-19,208.79
2010-04-20,211.95
2010-04-21,207.14
2010-04-22,201.44
2010-04-23,201.99
2010-04-26,204.09
2010-04-27,192.74
2010-04-28,188.55
2010-04-29,193.27
2010-04-30,192.9
2010-05-03,192.02
2010-05-04,179.68
2010-05-05,175.19
2010-05-06,166.8
2010-05-07,159.63
2010-05-10,190.66
2010-05-11,185.67
2010-05-12,187.17
2010-05-13,184.69
2010-05-14,172.05
2010-05-17,171.39
2010-05-18,177.21
2010-05-19,170.71
2010-05-20,167.42
2010-05-21,170.8
2010-05-24,168.97
2010-05-25,161.54
2010-05-26,163.3
2010-05-27,169.04
2010-05-28,168.78
2010-05-31,168.1
2010-06-01,165.2
2010-06-02,163.79
2010-06-03,164.38
2010-06-04,155.39
2010-06-07,153.36
2010-06-08,151.48
2010-06-09,156.01
2010-06-10,161.62
2010-06-11,168.5
2010-06-14,172.38
2010-06-15,176.67
2010-06-16,176.09
2010-06-17,177.26
2010-06-18,182.94
2010-06-21,183.8
2010-06-22,180.43
2010-06-23,177.52
2010-06-24,171.54
2010-06-25,172.51
2010-06-28,175.21
2010-06-29,164.59
2010-06-30,167.9
2010-07-01,164.74
2010-07-02,165.73
2010-07-05,164.11
2010-07-06,171.05
2010-07-07,181.04
2010-07-08,184.95
2010-07-09,186.1
2010-07-12,185.43
2010-07-13,189.96
2010-07-14,188.99
2010-07-15,184.89
2010-07-16,180.79
2010-07-19,179.5
2010-07-20,180.36
2010-07-21,180.41
2010-07-22,187.44
2010-07-23,187.68
2010-07-26,191.85
2010-07-27,201.11
2010-07-28,201.81
2010-07-29,200.05
2010-07-30,197.34
2010-08-02,204.83
2010-08-03,205.01
2010-08-04,204.03
2010-08-05,203.28
2010-08-06,200.44
2010-08-09,203.47
2010-08-10,200.86
2010-08-11,192.91
2010-08-12,191.15
2010-08-13,189.75
2010-08-16,188.39
2010-08-17,191.75
2010-08-18,190.48
2010-08-19,186.1
2010-08-20,183.38
2010-08-23,185.97
2010-08-24,182.15
2010-08-25,178.06
2010-08-26,180.64
2010-08-27,181.21
2010-08-30,180.13
2010-08-31,180.15
2010-09-01,187.95
2010-09-02,187.92
2010-09-03,191.25
2010-09-06,191.81
2010-09-07,187.25
2010-09-08,188.14
2010-09-09,192.21
2010-09-10,191.16
2010-09-13,194.84
2010-09-14,195.2
2010-09-15,193.62
2010-09-16,191.29
2010-09-17,188.03
2010-09-20,190.28
2010-09-21,189.81
2010-09-22,187.05
2010-09-23,184.53
2010-09-24,189.01
2010-09-27,187.49
2010-09-28,185.54
2010-09-29,182.42
2010-09-30,182.81
2010-10-01,180.41
2010-10-04,179.32
2010-10-05,185.06
2010-10-06,186.44
2010-10-07,187.2
2010-10-08,185.91
2010-10-11,185.2
2010-10-12,184.25
2010-10-13,188.67
2010-10-14,185.56
2010-10-15,185.2
2010-10-18,187.15
2010-10-19,188.79
2010-10-20,189.93
2010-10-21,189.78
2010-10-22,189.73
2010-10-25,187.86
2010-10-26,186.78
2010-10-27,185.33
2010-10-28,185.28
2010-10-29,184.45
2010-11-01,180.78
2010-11-02,181.81
2010-11-03,178.96
2010-11-04,182.19
2010-11-05,179.03
2010-11-08,179.26
2010-11-09,181.25
2010-11-10,175.53
2010-11-11,173.2
2010-11-12,175.71
2010-11-15,177.22
2010-11-16,172.39
2010-11-17,174.1
2010-11-18,176.99
2010-11-19,174.5
2010-11-22,169.43
2010-11-23,163.35
2010-11-24,163.65
2010-11-25,163.39
2010-11-26,160.46
2010-11-29,155.4
2010-11-30,152.42
2010-12-01,159.94
2010-12-02,165.56
2010-12-03,167.19
2010-12-06,164.07
2010-12-07,164.91
2010-12-08,168.49
2010-12-09,172.7
2010-12-10,170.59
2010-12-13,171.37
2010-12-14,171.55
2010-12-15,167.62
2010-12-16,167.31
2010-12-17,164.23
2010-12-20,165.15
2010-12-21,168.63
2010-12-22,167.12
2010-12-23,166.39
2010-12-24,166.35
2010-12-27,163.19
2010-12-28,163.22
2010-12-29,163.84
2010-12-30,161.66
2010-12-31,160.88
2011-01-03,163.81
2011-01-04,165.44
2011-01-05,164.87
2011-01-06,162.9
2011-01-07,159.62
2011-01-10,154.23
2011-01-11,157.07
2011-01-12,168.5
2011-01-13,174.09
2011-01-14,175.24
2011-01-17,173.27
2011-01-18,177.92
2011-01-19,178.66
2011-01-20,181.13
2011-01-21,185.3
2011-01-24,185.9
2011-01-25,181.52
2011-01-26,179.87
2011-01-27,184.25
2011-01-28,183.33
2011-01-31,183.08
2011-02-01,187.26
2011-02-02,188.86
2011-02-03,186.13
2011-02-04,186.6
2011-02-07,188.55
2011-02-08,189.3
2011-02-09,188.79
2011-02-10,185.35
2011-02-11,186.52
2011-02-14,184.9
2011-02-15,188.5
2011-02-16,195.28
2011-02-17,196.15
2011-02-18,195.38
2011-02-21,188.95
2011-02-22,186.31
2011-02-23,185.9
2011-02-24,184.77
2011-02-25,188.17
2011-02-28,188.91
2011-03-01,185.15
2011-03-02,183.53
2011-03-03,182.12
2011-03-04,179.87
2011-03-07,177.57
2011-03-08,178.96
2011-03-09,178.21
2011-03-10,176.37
2011-03-11,176.36
2011-03-14,179.7
2011-03-15,176.18
2011-03-16,170.87
2011-03-17,174.23
2011-03-18,174.52
2011-03-21,178.84
2011-03-22,178.43
2011-03-23,178.23
2011-03-24,180.94
2011-03-25,180.09
2011-03-28,180.45
2011-03-29,177.33
2011-03-30,176.87
2011-03-31,172.12
2011-04-01,175.75
2011-04-04,173.9
2011-04-05,172.72
2011-04-06,176.92
2011-04-07,178.95
2011-04-08,179.71
2011-04-11,178.8
2011-04-12,176.57
2011-04-13,176.77
2011-04-14,172.75
2011-04-15,170.91
2011-04-18,165.28
2011-04-19,165.52
2011-04-20,166.0
2011-04-21,168.57
2011-04-22,168.57
2011-04-25,168.57
2011-04-26,169.24
2011-04-27,171.31
2011-04-28,174.15
2011-04-29,174.76
2011-05-02,173.99
2011-05-03,173.34
2011-05-04,171.75
2011-05-05,169.29
2011-05-06,170.84
2011-05-09,166.49
2011-05-10,169.57
2011-05-11,169.75
2011-05-12,168.62
2011-05-13,166.85
2011-05-16,166.19
2011-05-17,165.1
2011-05-18,165.75
2011-05-19,166.61
2011-05-20,163.2
2011-05-23,159.13
2011-05-24,158.96
2011-05-25,162.5
2011-05-26,161.2
2011-05-27,163.1
2011-05-30,161.73
2011-05-31,165.48
2011-06-01,162.6
2011-06-02,160.69
2011-06-03,163.83
2011-06-06,160.44
2011-06-07,160.71
2011-06-08,158.32
2011-06-09,158.43
2011-06-10,155.97
2011-06-13,155.65
2011-06-14,158.98
2011-06-15,154.64
2011-06-16,154.07
2011-06-17,159.25
2011-06-20,157.36
2011-06-21,161.6
2011-06-22,161.0
2011-06-23,154.47
2011-06-24,150.94
2011-06-27,150.97
2011-06-28,153.86
2011-06-29,156.66
2011-06-30,160.33
2011-07-01,165.68
2011-07-04,164.54
2011-07-05,162.12
2011-07-06,157.39
2011-07-07,156.31
2011-07-08,150.11
2011-07-11,142.5
2011-07-12,144.06
2011-07-13,144.08
2011-07-14,142.88
2011-07-15,140.59
2011-07-18,135.49
2011-07-19,138.7
2011-07-20,145.2
2011-07-21,153.54
2011-07-22,152.66
2011-07-25,146.15
2011-07-26,146.55
2011-07-27,142.42
2011-07-28,144.23
2011-07-29,143.33
2011-08-01,136.64
2011-08-02,132.1
2011-08-03,129.21
2011-08-04,123.03
2011-08-05,123.92
2011-08-08,120.29
2011-08-09,120.57
2011-08-10,109.87
2011-08-11,113.12
2011-08-12,119.07
2011-08-15,120.52
2011-08-16,121.15
2011-08-17,120.16
2011-08-18,112.37
2011-08-19,109.02
2011-08-22,108.95
2011-08-23,108.1
2011-08-24,109.29
2011-08-25,110.37
2011-08-26,108.27
2011-08-29,111.7
2011-08-30,111.54
2011-08-31,114.78
2011-09-01,114.71
2011-09-02,108.64
2011-09-05,101.64
2011-09-06,98.73
2011-09-07,102.62
2011-09-08,103.7
2011-09-09,96.62
2011-09-12,89.57
2011-09-13,94.74
2011-09-14,95.43
2011-09-15,101.41
2011-09-16,100.26
2011-09-19,96.95
2011-09-20,97.03
2011-09-21,94.77
2011-09-22,89.33
2011-09-23,93.65
2011-09-26,98.01
2011-09-27,105.94
2011-09-28,104.53
2011-09-29,108.01
2011-09-30,105.34
2011-10-03,101.6
2011-10-04,97.82
2011-10-05,103.44
2011-10-06,107.6
2011-10-07,108.0
2011-10-10,110.17
2011-10-11,110.74
2011-10-12,114.73
2011-10-13,109.2
2011-10-14,107.97
2011-10-17,104.61
2011-10-18,103.65
2011-10-19,106.89
2011-10-20,100.63
2011-10-21,105.22
2011-10-24,106.44
2011-10-25,104.81
2011-10-26,103.87
2011-10-27,115.73
2011-10-28,115.91
2011-10-31,108.29
2011-11-01,98.79
2011-11-02,99.75
2011-11-03,103.04
2011-11-04,100.26
2011-11-07,99.55
2011-11-08,100.97
2011-11-09,97.62
2011-11-10,97.78
2011-11-11,102.66
2011-11-14,100.25
2011-11-15,97.06
2011-11-16,97.85
2011-11-17,95.56
2011-11-18,95.56
2011-11-21,91.51
2011-11-22,88.42
2011-11-23,86.27
2011-11-24,87.33
2011-11-25,88.19
2011-11-28,94.3
2011-11-29,94.18
2011-11-30,98.6
2011-12-01,97.55
2011-12-02,102.7
2011-12-05,106.19
2011-12-06,105.92
2011-12-07,105.03
2011-12-08,100.47
2011-12-09,103.95
2011-12-12,98.77
2011-12-13,96.94
2011-12-14,93.81
2011-12-15,95.49
2011-12-16,95.37
2011-12-19,95.76
2011-12-20,100.26
2011-12-21,98.75
2011-12-22,100.77
2011-12-23,101.07
2011-12-26,101.07
2011-12-27,100.12
2011-12-28,97.83
2011-12-29,99.39
2011-12-30,100.34
2012-01-02,102.55
2012-01-03,102.97
2012-01-04,99.29
2012-01-05,93.49
2012-01-06,91.61
2012-01-09,89.16
2012-01-10,93.15
2012-01-11,94.15
2012-01-12,96.53
2012-01-13,97.68
2012-01-16,97.97
2012-01-17,99.14
2012-01-18,98.73
2012-01-19,106.08
2012-01-20,107.15
2012-01-23,111.27
2012-01-24,110.08
2012-01-25,110.54
2012-01-26,112.33
2012-01-27,110.99
2012-01-30,106.8
2012-01-31,107.98
2012-02-01,112.92
2012-02-02,114.61
2012-02-03,117.15
2012-02-06,117.0
2012-02-07,118.6
2012-02-08,119.66
2012-02-09,120.92
2012-02-10,116.57
2012-02-13,115.86
2012-02-14,114.12
2012-02-15,115.08
2012-02-16,114.12
2012-02-17,116.75
2012-02-20,119.07
2012-02-21,118.43
2012-02-22,114.8
2012-02-23,112.86
2012-02-24,114.91
2012-02-27,113.76
2012-02-28,113.94
2012-02-29,114.25
2012-03-01,117.2
2012-03-02,117.61
2012-03-05,115.55
2012-03-06,109.41
2012-03-07,111.35
2012-03-08,114.78
2012-03-09,113.45
2012-03-12,111.97
2012-03-13,115.42
2012-03-14,117.04
2012-03-15,118.04
2012-03-16,119.1
2012-03-19,120.13
2012-03-20,118.5
2012-03-21,116.44
2012-03-22,113.61
2012-03-23,114.15
2012-03-26,113.83
2012-03-27,112.56
2012-03-28,110.75
2012-03-29,107.13
2012-03-30,107.95
2012-04-02,107.8
2012-04-03,103.8
2012-04-04,100.54
2012-04-05,99.75
2012-04-06,99.75
2012-04-09,99.75
2012-04-10,94.93
2012-04-11,97.26
2012-04-12,97.73
2012-04-13,92.92
2012-04-16,90.99
2012-04-17,95.97
2012-04-18,92.56
2012-04-19,89.47
2012-04-20,91.26
2012-04-23,87.92
2012-04-24,90.26
2012-04-25,93.54
2012-04-26,91.43
2012-04-27,93.16
2012-04-30,91.59
2012-05-01,91.59
2012-05-02,88.93
2012-05-03,87.11
2012-05-04,87.62
2012-05-07,90.68
2012-05-08,88.63
2012-05-09,85.73
2012-05-10,89.35
2012-05-11,88.45
2012-05-14,85.08
2012-05-15,82.23
2012-05-16,81.63
2012-05-17,79.41
2012-05-18,80.89
2012-05-21,81.4
2012-05-22,83.85
2012-05-23,80.88
2012-05-24,81.73
2012-05-25,81.85
2012-05-28,80.09
2012-05-29,79.06
2012-05-30,77.65
2012-05-31,78.3
2012-06-01,77.67
2012-06-04,80.31
2012-06-05,81.49
2012-06-06,84.41
2012-06-07,85.45
2012-06-08,84.99
2012-06-11,83.27
2012-06-12,82.27
2012-06-13,82.71
2012-06-14,83.99
2012-06-15,85.62
2012-06-18,82.31
2012-06-19,84.71
2012-06-20,86.69
2012-06-21,86.57
2012-06-22,87.03
2012-06-25,82.48
2012-06-26,81.21
2012-06-27,83.59
2012-06-28,82.95
2012-06-29,90.0
2012-07-02,91.24
2012-07-03,92.09
2012-07-04,91.34
2012-07-05,88.36
2012-07-06,84.54
2012-07-09,84.23
2012-07-10,84.03
2012-07-11,84.94
2012-07-12,83.23
2012-07-13,82.76
2012-07-16,81.27
2012-07-17,80.8
2012-07-18,81.26
2012-07-19,81.89
2012-07-20,76.89
2012-07-23,75.18
2012-07-24,73.06
2012-07-25,73.38
2012-07-26,79.64
2012-07-27,83.06
2012-07-30,86.29
2012-07-31,85.12
2012-08-01,85.25
2012-08-02,79.82
2012-08-03,86.44
2012-08-06,88.82
2012-08-07,90.93
2012-08-08,91.15
2012-08-09,91.18
2012-08-10,90.33
2012-08-13,90.55
2012-08-14,91.15
2012-08-15,91.27
2012-08-16,94.63
2012-08-17,96.81
2012-08-20,95.29
2012-08-21,97.88
2012-08-22,96.4
2012-08-23,95.58
2012-08-24,95.12
2012-08-27,96.74
2012-08-28,96.04
2012-08-29,95.66
2012-08-30,93.94
2012-08-31,98.07
2012-09-03,98.22
2012-09-04,97.83
2012-09-05,98.53
2012-09-06,104.37
2012-09-07,107.3
2012-09-10,107.62
2012-09-11,109.64
2012-09-12,110.95
2012-09-13,108.6
2012-09-14,112.04
2012-09-17,111.86
2012-09-18,108.6
2012-09-19,108.64
2012-09-20,106.5
2012-09-21,109.05
2012-09-24,107.6
2012-09-25,108.64
2012-09-26,103.03
2012-09-27,103.79
2012-09-28,101.56
2012-10-01,103.91
2012-10-02,103.91
2012-10-03,103.84
2012-10-04,104.38
2012-10-05,107.34
2012-10-08,105.3
2012-10-09,103.7
2012-10-10,102.55
2012-10-11,105.27
2012-10-12,104.17
2012-10-15,105.23
2012-10-16,109.75
2012-10-17,112.4
2012-10-18,112.49
2012-10-19,109.03
2012-10-22,109.17
2012-10-23,107.11
2012-10-24,107.57
2012-10-25,106.3
2012-10-26,105.9
2012-10-29,104.36
2012-10-30,106.43
2012-10-31,106.08
2012-11-01,107.48
2012-11-02,107.93
2012-11-05,106.13
2012-11-06,107.37
2012-11-07,104.44
2012-11-08,104.5
2012-11-09,103.17
2012-11-12,102.55
2012-11-13,105.28
2012-11-14,104.13
2012-11-15,104.44
2012-11-16,101.6
2012-11-19,105.56
2012-11-20,105.36
2012-11-21,106.07
2012-11-22,107.41
2012-11-23,108.38
2012-11-26,107.2
2012-11-27,107.96
2012-11-28,107.3
2012-11-29,110.37
2012-11-30,110.18
2012-12-03,110.14
2012-12-04,111.49
2012-12-05,111.55
2012-12-06,111.87
2012-12-07,111.26
2012-12-10,108.95
2012-12-11,109.93
2012-12-12,110.87
2012-12-13,111.03
2012-12-14,111.17
2012-12-17,111.16
2012-12-18,113.01
2012-12-19,114.56
2012-12-20,114.53
2012-12-21,113.53
2012-12-24,113.19
2012-12-25,113.19
2012-12-26,113.19
2012-12-27,113.7
2012-12-28,111.77
2012-12-31,112.36
2013-01-01,112.36
2013-01-02,117.14
2013-01-03,117.13
2013-01-04,117.8
2013-01-07,119.62
2013-01-08,120.91
2013-01-09,123.81
2013-01-10,124.89
2013-01-11,125.44
2013-01-14,125.76
2013-01-15,124.41
2013-01-16,123.58
2013-01-17,124.9
2013-01-18,125.37
2013-01-21,126.07
2013-01-22,125.2
2013-01-23,123.35
2013-01-24,125.54
2013-01-25,126.64
2013-01-28,127.75
2013-01-29,127.15
2013-01-30,124.82
2013-01-31,124.07
2013-02-01,123.34
2013-02-04,117.18
2013-02-05,119.32
2013-02-06,117.43
2013-02-07,116.04
2013-02-08,119.53
2013-02-11,118.76
2013-02-12,121.37
2013-02-13,121.03
2013-02-14,120.13
2013-02-15,118.65
2013-02-18,118.47
2013-02-19,120.24
2013-02-20,118.75
2013-02-21,114.72
2013-02-22,116.8
2013-02-25,117.81
2013-02-26,111.65
2013-02-27,114.05
2013-02-28,114.58
2013-03-01,112.53
2013-03-04,112.1
2013-03-05,114.96
2013-03-06,114.0
2013-03-07,113.8
2013-03-08,117.41
2013-03-11,116.5
2013-03-12,115.65
2013-03-13,114.09
2013-03-14,115.99
2013-03-15,115.51
2013-03-18,112.56
2013-03-19,108.08
2013-03-20,110.6
2013-03-21,110.2
2013-03-22,108.86
2013-03-25,104.74
2013-03-26,103.35
2013-03-27,101.95
2013-03-28,102.46
2013-03-29,102.46
2013-04-01,102.46
2013-04-02,104.63
2013-04-03,101.91
2013-04-04,101.42
2013-04-05,101.11
2013-04-08,100.55
2013-04-09,102.42
2013-04-10,107.82
2013-04-11,108.56
2013-04-12,105.02
2013-04-15,104.29
2013-04-16,104.34
2013-04-17,102.12
2013-04-18,101.84
2013-04-19,103.65
2013-04-22,104.84
2013-04-23,110.08
2013-04-24,110.74
2013-04-25,110.59
2013-04-26,109.58
2013-04-29,111.99
2013-04-30,111.9
2013-05-01,111.89
2013-05-02,112.39
2013-05-03,114.53
2013-05-06,114.13
2013-05-07,116.7
2013-05-08,116.68
2013-05-09,116.0
2013-05-10,115.45
2013-05-13,113.92
2013-05-14,114.38
2013-05-15,116.85
2013-05-16,117.19
2013-05-17,118.68
2013-05-20,118.77
2013-05-21,116.89
2013-05-22,117.9
2013-05-23,114.76
2013-05-24,113.15
2013-05-27,114.88
2013-05-28,117.68
2013-05-29,116.57
2013-05-30,117.1
2013-05-31,116.54
2013-06-03,115.3
2013-06-04,116.49
2013-06-05,115.01
2013-06-06,112.09
2013-06-07,113.61
2013-06-10,112.01
2013-06-11,109.84
2013-06-12,108.22
2013-06-13,108.67
2013-06-14,109.03
2013-06-17,109.6
2013-06-18,110.36
2013-06-19,108.99
2013-06-20,104.48
2013-06-21,102.24
2013-06-24,100.51
2013-06-25,101.26
2013-06-26,104.25
2013-06-27,103.42
2013-06-28,101.39
2013-07-01,102.9
2013-07-02,102.36
2013-07-03,100.57
2013-07-04,105.1
2013-07-05,103.18
2013-07-08,105.44
2013-07-09,105.36
2013-07-10,104.79
2013-07-11,105.13
2013-07-12,104.11
2013-07-15,104.61
2013-07-16,103.4
2013-07-17,104.22
2013-07-18,107.25
2013-07-19,107.61
2013-07-22,108.7
2013-07-23,109.55
2013-07-24,112.56
2013-07-25,113.65
2013-07-26,114.35
2013-07-29,113.71
2013-07-30,113.54
2013-07-31,113.65
2013-08-01,116.98
2013-08-02,116.88
2013-08-05,116.6
2013-08-06,115.8
2013-08-07,117.36
2013-08-08,120.51
2013-08-09,121.73
2013-08-12,122.17
2013-08-13,122.64
2013-08-14,123.44
2013-08-15,122.72
2013-08-16,125.35
2013-08-19,121.76
2013-08-20,119.38
2013-08-21,118.76
2013-08-22,121.89
2013-08-23,122.85
2013-08-26,121.16
2013-08-27,116.3
2013-08-28,117.26
2013-08-29,118.1
2013-08-30,116.37
2013-09-02,119.23
2013-09-03,118.78
2013-09-04,118.82
2013-09-05,119.58
2013-09-06,121.07
2013-09-09,121.79
2013-09-10,124.41
2013-09-11,126.06
2013-09-12,125.91
2013-09-13,125.22
2013-09-16,126.43
2013-09-17,126.27
2013-09-18,127.81
2013-09-19,129.63
2013-09-20,129.05
2013-09-23,128.38
2013-09-24,129.15
2013-09-25,129.13
2013-09-26,128.21
2013-09-27,127.49
2013-09-30,125.84
2013-10-01,129.32
2013-10-02,130.68
2013-10-03,129.68
2013-10-04,132.63
2013-10-07,132.93
2013-10-08,131.59
2013-10-09,133.35
2013-10-10,137.57
2013-10-11,137.58
2013-10-14,138.21
2013-10-15,140.18
2013-10-16,141.58
2013-10-17,141.64
2013-10-18,142.3
2013-10-21,141.71
2013-10-22,141.77
2013-10-23,137.84
2013-10-24,140.0
2013-10-25,137.88
2013-10-28,135.33
2013-10-29,138.05
2013-10-30,137.2
2013-10-31,139.52
2013-11-01,138.71
2013-11-04,138.76
2013-11-05,136.5
2013-11-06,137.65
2013-11-07,137.63
2013-11-08,136.88
2013-11-11,137.95
2013-11-12,137.07
2013-11-13,135.41
2013-11-14,135.96
2013-11-15,135.63
2013-11-18,137.6
2013-11-19,135.22
2013-11-20,134.41
2013-11-21,135.38
2013-11-22,136.52
2013-11-25,137.07
2013-11-26,137.23
2013-11-27,138.84
2013-11-28,140.39
2013-11-29,140.18
2013-12-02,139.3
2013-12-03,136.33
2013-12-04,135.29
2013-12-05,132.49
2013-12-06,133.96
2013-12-09,135.24
2013-12-10,134.61
2013-12-11,133.39
2013-12-12,131.92
2013-12-13,131.86
2013-12-16,134.95
2013-12-17,132.78
2013-12-18,134.79
2013-12-19,137.3
2013-12-20,138.45
2013-12-23,139.77
2013-12-24,140.04
2013-12-25,140.04
2013-12-26,140.04
2013-12-27,141.44
2013-12-30,141.3
2013-12-31,141.43
2014-01-01,141.43
2014-01-02,139.31
2014-01-03,139.88
2014-01-06,141.77
2014-01-07,147.56
2014-01-08,150.26
2014-01-09,149.49
2014-01-10,149.69
2014-01-13,152.87
2014-01-14,152.67
2014-01-15,156.58
2014-01-16,153.66
2014-01-17,153.03
2014-01-20,151.31
2014-01-21,151.41
2014-01-22,150.43
2014-01-23,149.86
2014-01-24,145.35
2014-01-27,144.05
2014-01-28,146.57
2014-01-29,146.28
2014-01-30,146.88
2014-01-31,145.85
2014-02-03,141.59
2014-02-04,143.63
2014-02-05,145.26
2014-02-06,148.83
2014-02-07,150.1
2014-02-10,148.94
2014-02-11,151.59
2014-02-12,152.89
2014-02-13,152.41
2014-02-14,152.83
2014-02-17,153.39
2014-02-18,152.99
2014-02-19,152.5
2014-02-20,152.32
2014-02-21,152.24
2014-02-24,154.53
2014-02-25,154.85
2014-02-26,153.91
2014-02-27,154.04
2014-02-28,154.25
2014-03-03,148.32
2014-03-04,152.99
2014-03-05,155.05
2014-03-06,156.08
2014-03-07,152.91
2014-03-10,153.81
2014-03-11,153.58
2014-03-12,152.21
2014-03-13,149.96
2014-03-14,147.1
2014-03-17,149.93
2014-03-18,152.15
2014-03-19,152.04
2014-03-20,152.44
2014-03-21,151.68
2014-03-24,148.56
2014-03-25,149.66
2014-03-26,151.45
2014-03-27,151.42
2014-03-28,153.73
2014-03-31,155.26
2014-04-01,159.24
2014-04-02,158.4
2014-04-03,161.33
2014-04-04,162.81
2014-04-07,160.29
2014-04-08,158.12
2014-04-09,157.23
2014-04-10,154.64
2014-04-11,152.79
2014-04-14,151.91
2014-04-15,148.61
2014-04-16,152.61
2014-04-17,153.55
2014-04-18,153.55
2014-04-21,153.55
2014-04-22,156.19
2014-04-23,154.63
2014-04-24,155.46
2014-04-25,152.23
2014-04-28,152.38
2014-04-29,155.76
2014-04-30,154.01
2014-05-01,154.02
2014-05-02,153.43
2014-05-05,152.77
2014-05-06,151.33
2014-05-07,150.39
2014-05-08,154.3
2014-05-09,151.54
2014-05-12,152.3
2014-05-13,152.18
2014-05-14,151.12
2014-05-15,145.69
2014-05-16,147.5
2014-05-19,145.66
2014-05-20,146.86
2014-05-21,148.22
2014-05-22,147.98
2014-05-23,149.43
2014-05-26,152.37
2014-05-27,152.74
2014-05-28,154.3
2014-05-29,153.42
2014-05-30,153.43
2014-06-02,153.83
2014-06-03,152.81
2014-06-04,153.39
2014-06-05,155.45
2014-06-06,159.53
2014-06-09,160.76
2014-06-10,160.72
2014-06-11,157.98
2014-06-12,157.34
2014-06-13,157.36
2014-06-16,155.8
2014-06-17,156.59
2014-06-18,156.19
2014-06-19,156.94
2014-06-20,154.56
2014-06-23,153.2
2014-06-24,151.32
2014-06-25,149.4
2014-06-26,148.26
2014-06-27,147.8
2014-06-30,146.52
2014-07-01,150.15
2014-07-02,150.23
2014-07-03,152.09
2014-07-04,148.99
2014-07-07,146.92
2014-07-08,142.69
2014-07-09,144.05
2014-07-10,140.89
2014-07-11,141.2
2014-07-14,142.95
2014-07-15,140.9
2014-07-16,144.59
2014-07-17,141.94
2014-07-18,142.35
2014-07-21,140.61
2014-07-22,142.61
2014-07-23,143.59
2014-07-24,147.57
2014-07-25,147.21
2014-07-28,146.5
2014-07-29,147.21
2014-07-30,147.27
2014-07-31,143.78
2014-08-01,142.14
2014-08-04,142.82
2014-08-05,140.48
2014-08-06,137.74
2014-08-07,135.67
2014-08-08,136.08
2014-08-11,136.78
2014-08-12,137.02
2014-08-13,138.83
2014-08-14,138.03
2014-08-15,137.17
2014-08-18,138.89
2014-08-19,139.51
2014-08-20,139.25
2014-08-21,141.94
2014-08-22,141.74
2014-08-25,145.0
2014-08-26,147.53
2014-08-27,148.59
2014-08-28,145.82
2014-08-29,146.0
2014-09-01,145.6
2014-09-02,146.06
2014-09-03,148.92
2014-09-04,153.88
2014-09-05,154.6
2014-09-08,154.34
2014-09-09,152.09
2014-09-10,152.57
2014-09-11,152.36
2014-09-12,152.39
2014-09-15,151.04
2014-09-16,150.2
2014-09-17,152.03
2014-09-18,153.57
2014-09-19,153.16
2014-09-22,151.16
2014-09-23,148.68
2014-09-24,149.97
2014-09-25,148.64
2014-09-26,150.06
2014-09-29,147.06
2014-09-30,149.21
2014-10-01,149.39
2014-10-02,143.33
2014-10-03,145.78
2014-10-06,146.65
2014-10-07,143.55
2014-10-08,142.05
2014-10-09,140.54
2014-10-10,139.36
2014-10-13,139.89
2014-10-14,139.6
2014-10-15,132.83
2014-10-16,130.02
2014-10-17,135.47
2014-10-20,135.26
2014-10-21,139.71
2014-10-22,140.76
2014-10-23,142.31
2014-10-24,143.3
2014-10-27,140.0
2014-10-28,142.22
2014-10-29,137.85
2014-10-30,137.39
2014-10-31,141.1
2014-11-03,139.68
2014-11-04,136.39
2014-11-05,138.82
2014-11-06,137.59
2014-11-07,134.85
2014-11-10,135.25
2014-11-11,135.23
2014-11-12,131.15
2014-11-13,132.05
2014-11-14,133.11
2014-11-17,135.26
2014-11-18,136.74
2014-11-19,137.16
2014-11-20,134.32
2014-11-21,139.14
2014-11-24,141.0
2014-11-25,142.66
2014-11-26,142.29
2014-11-27,143.73
2014-11-28,144.28
2014-12-01,141.74
2014-12-02,143.13
2014-12-03,144.35
2014-12-04,140.09
2014-12-05,145.59
2014-12-08,144.8
2014-12-09,139.51
2014-12-10,138.34
2014-12-11,138.19
2014-12-12,134.07
2014-12-15,129.86
2014-12-16,132.81
2014-12-17,132.11
2014-12-18,136.52
2014-12-19,134.89
2014-12-22,135.47
2014-12-23,137.38
2014-12-24,137.18
2014-12-25,137.18
2014-12-26,137.18
2014-12-29,136.13
2014-12-30,134.36
2014-12-31,134.51
2015-01-01,134.51
2015-01-02,136.21
2015-01-05,129.87
2015-01-06,127.8
2015-01-07,127.25
2015-01-08,130.97
2015-01-09,124.29
2015-01-12,125.4
2015-01-13,128.21
2015-01-14,126.0
2015-01-15,127.97
2015-01-16,128.67
2015-01-19,130.79
2015-01-20,133.05
2015-01-21,133.98
2015-01-22,136.87
2015-01-23,135.7
2015-01-26,136.06
2015-01-27,133.85
2015-01-28,129.75
2015-01-29,131.08
2015-01-30,129.57
2015-02-02,130.27
2015-02-03,135.07
2015-02-04,135.05
2015-02-05,133.39
2015-02-06,134.16
2015-02-09,131.28
2015-02-10,133.26
2015-02-11,132.68
2015-02-12,136.51
2015-02-13,140.67
2015-02-16,140.68
2015-02-17,141.08
2015-02-18,144.48
2015-02-19,145.3
2015-02-20,145.64
2015-02-23,146.78
2015-02-24,147.88
2015-02-25,145.69
2015-02-26,147.68
2015-02-27,148.61
2015-03-02,148.58
2015-03-03,145.53
2015-03-04,146.85
2015-03-05,148.43
2015-03-06,149.13
2015-03-09,148.86
2015-03-10,146.9
2015-03-11,149.45
2015-03-12,149.76
2015-03-13,150.22
2015-03-16,152.19
2015-03-17,150.53
2015-03-18,149.17
2015-03-19,150.47
2015-03-20,154.41
2015-03-23,155.14
2015-03-24,158.1
2015-03-25,156.44
2015-03-26,155.65
2015-03-27,155.77
2015-03-30,158.53
2015-03-31,157.65
2015-04-01,159.19
2015-04-02,159.98
2015-04-03,159.98
2015-04-06,159.98
2015-04-07,161.27
2015-04-08,160.35
2015-04-09,160.9
2015-04-10,160.4
2015-04-13,161.7
2015-04-14,158.2
2015-04-15,159.74
2015-04-16,156.32
2015-04-17,151.82
2015-04-20,154.08
2015-04-21,153.06
2015-04-22,155.12
2015-04-23,154.99
2015-04-24,157.16
2015-04-27,159.09
2015-04-28,157.85
2015-04-29,154.19
2015-04-30,154.43
2015-05-01,154.4
2015-05-04,155.16
2015-05-05,150.86
2015-05-06,152.27
2015-05-07,153.77
2015-05-08,156.56
2015-05-11,156.64
2015-05-12,155.21
2015-05-13,155.98
2015-05-14,157.75
2015-05-15,156.99
2015-05-18,155.97
2015-05-19,158.79
2015-05-20,159.35
2015-05-21,158.81
2015-05-22,158.63
2015-05-25,156.1
2015-05-26,154.27
2015-05-27,157.71
2015-05-28,156.26
2015-05-29,153.89
2015-06-01,153.24
2015-06-02,154.91
2015-06-03,156.5
2015-06-04,155.53
2015-06-05,152.87
2015-06-08,151.14
2015-06-09,150.98
2015-06-10,154.26
2015-06-11,155.27
2015-06-12,153.32
2015-06-15,149.34
2015-06-16,149.54
2015-06-17,148.38
2015-06-18,149.33
2015-06-19,150.64
2015-06-22,157.74
2015-06-23,158.79
2015-06-24,157.52
2015-06-25,158.41
2015-06-26,159.68
2015-06-29,150.36
2015-06-30,149.91
2015-07-01,153.7
2015-07-02,151.66
2015-07-03,150.78
2015-07-06,144.92
2015-07-07,141.01
2015-07-08,143.0
2015-07-09,148.11
2015-07-10,153.5
2015-07-13,156.75
2015-07-14,156.95
2015-07-15,157.85
2015-07-16,160.54
2015-07-17,160.12
2015-07-20,161.45
2015-07-21,159.82
2015-07-22,160.13
2015-07-23,160.23
2015-07-24,158.64
2015-07-27,154.68
2015-07-28,157.27
2015-07-29,156.39
2015-07-30,156.67
2015-07-31,157.65
2015-08-03,158.32
2015-08-04,155.73
2015-08-05,157.64
2015-08-06,157.6
2015-08-07,156.06
2015-08-10,157.71
2015-08-11,156.14
2015-08-12,151.28
2015-08-13,152.79
2015-08-14,151.45
2015-08-17,152.26
2015-08-18,152.82
2015-08-19,151.01
2015-08-20,147.12
2015-08-21,141.96
2015-08-24,133.82
2015-08-25,141.22
2015-08-26,139.72
2015-08-27,144.21
2015-08-28,143.82
2015-08-31,142.85
2015-09-01,138.68
2015-09-02,139.21
2015-09-03,141.73
2015-09-04,137.0
2015-09-07,137.25
2015-09-08,139.22
2015-09-09,140.97
2015-09-10,138.96
2015-09-11,137.47
2015-09-14,136.14
2015-09-15,137.91
2015-09-16,138.38
2015-09-17,139.75
2015-09-18,134.77
2015-09-21,135.86
2015-09-22,131.57
2015-09-23,129.83
2015-09-24,128.19
2015-09-25,131.84
2015-09-28,128.04
2015-09-29,128.63
2015-09-30,131.34
2015-10-01,130.82
2015-10-02,131.39
2015-10-05,136.09
2015-10-06,137.57
2015-10-07,138.47
2015-10-08,137.8
2015-10-09,139.38
2015-10-12,138.17
2015-10-13,136.43
2015-10-14,135.41
2015-10-15,136.97
2015-10-16,139.15
2015-10-19,139.44
2015-10-20,138.11
2015-10-21,138.24
2015-10-22,140.24
2015-10-23,141.12
2015-10-26,140.81
2015-10-27,139.54
2015-10-28,141.04
2015-10-29,137.92
2015-10-30,137.66
2015-11-02,138.67
2015-11-03,138.24
2015-11-04,138.33
2015-11-05,137.24
2015-11-06,141.01
2015-11-09,138.98
2015-11-10,138.84
2015-11-11,139.53
2015-11-12,136.02
2015-11-13,135.44
2015-11-16,134.7
2015-11-17,137.18
2015-11-18,136.56
2015-11-19,138.05
2015-11-20,136.21
2015-11-23,136.69
2015-11-24,135.82
2015-11-25,136.01
2015-11-26,137.53
2015-11-27,137.33
2015-11-30,138.01
2015-12-01,138.24
2015-12-02,136.78
2015-12-03,133.53
2015-12-04,133.6
2015-12-07,132.76
2015-12-08,129.33
2015-12-09,128.74
2015-12-10,128.02
2015-12-11,125.69
2015-12-14,123.03
2015-12-15,127.71
2015-12-16,127.91
2015-12-17,130.32
2015-12-18,129.17
2015-12-21,126.53
2015-12-22,127.09
2015-12-23,129.46
2015-12-24,129.59
2015-12-25,129.59
2015-12-28,128.24
2015-12-29,129.68
2015-12-30,128.66
2015-12-31,127.87
2016-01-01,127.87
2016-01-04,124.56
2016-01-05,125.04
2016-01-06,122.16
2016-01-07,119.57
2016-01-08,116.96
2016-01-11,116.86
2016-01-12,118.08
2016-01-13,118.58
2016-01-14,115.97
2016-01-15,111.89
2016-01-18,108.46
2016-01-19,108.44
2016-01-20,103.39
2016-01-21,106.27
2016-01-22,109.14
2016-01-25,105.38
2016-01-26,108.06
2016-01-27,107.22
2016-01-28,103.31
2016-01-29,106.36
2016-02-01,104.85
2016-02-02,100.18
2016-02-03,96.04
2016-02-04,99.9
2016-02-05,100.36
2016-02-08,93.98
2016-02-09,89.71
2016-02-10,95.86
2016-02-11,89.65
2016-02-12,94.86
2016-02-15,98.3
2016-02-16,97.79
2016-02-17,101.59
2016-02-18,98.15
2016-02-19,96.23
2016-02-22,99.93
2016-02-23,97.45
2016-02-24,94.4
2016-02-25,96.84
2016-02-26,100.14
2016-02-29,101.39
2016-03-01,103.31
2016-03-02,107.62
2016-03-03,108.36
2016-03-04,108.69
2016-03-07,106.85
2016-03-08,106.84
2016-03-09,106.82
2016-03-10,107.76
2016-03-11,115.0
2016-03-14,114.83
2016-03-15,112.12
2016-03-16,110.25
2016-03-17,108.32
2016-03-18,109.24
2016-03-21,108.75
2016-03-22,108.18
2016-03-23,106.1
2016-03-24,103.59
2016-03-25,103.59
2016-03-28,103.59
2016-03-29,103.07
2016-03-30,102.99
2016-03-31,101.38
2016-04-01,100.13
2016-04-04,99.56
2016-04-05,96.16
2016-04-06,96.32
2016-04-07,93.49
2016-04-08,96.29
2016-04-11,97.76
2016-04-12,97.35
2016-04-13,103.97
2016-04-14,105.03
2016-04-15,104.89
2016-04-18,105.64
2016-04-19,105.53
2016-04-20,108.34
2016-04-21,110.5
2016-04-22,111.28
2016-04-25,108.42
2016-04-26,111.17
2016-04-27,110.87
2016-04-28,111.27
2016-04-29,107.09
2016-05-02,105.83
2016-05-03,101.88
2016-05-04,100.6
2016-05-05,99.36
2016-05-06,99.83
2016-05-09,98.78
2016-05-10,100.45
2016-05-11,99.21
2016-05-12,98.6
2016-05-13,99.29
2016-05-16,98.98
2016-05-17,98.9
2016-05-18,100.4
2016-05-19,100.54
2016-05-20,102.02
2016-05-23,100.95
2016-05-24,104.76
2016-05-25,108.5
2016-05-26,108.0
2016-05-27,107.71
2016-05-30,108.19
2016-05-31,106.13
2016-06-01,104.15
2016-06-02,103.78
2016-06-03,101.14
2016-06-06,101.05
2016-06-07,102.63
2016-06-08,100.79
2016-06-09,99.62
2016-06-10,95.4
2016-06-13,91.8
2016-06-14,89.45
2016-06-15,90.53
2016-06-16,89.41
2016-06-17,93.67
2016-06-20,97.07
2016-06-21,98.25
2016-06-22,98.94
2016-06-23,102.81
2016-06-24,84.28
2016-06-27,79.03
2016-06-28,81.31
2016-06-29,82.98
2016-06-30,83.25
2016-07-01,83.54
2016-07-04,82.27
2016-07-05,80.28
2016-07-06,78.37
2016-07-07,78.81
2016-07-08,82.91
2016-07-11,84.15
2016-07-12,88.68
2016-07-13,87.34
2016-07-14,90.06
2016-07-15,89.86
2016-07-18,89.59
2016-07-19,89.03
2016-07-20,90.13
2016-07-21,90.93
2016-07-22,90.99
2016-07-25,89.86
2016-07-26,89.12
2016-07-27,90.22
2016-07-28,87.93
2016-07-29,90.42
2016-08-01,87.93
2016-08-02,83.65
2016-08-03,84.79
2016-08-04,86.39
2016-08-05,88.81
2016-08-08,90.15
2016-08-09,91.28
2016-08-10,91.66
2016-08-11,92.46
2016-08-12,92.28
2016-08-15,92.2
2016-08-16,91.2
2016-08-17,89.64
2016-08-18,89.86
2016-08-19,87.92
2016-08-22,88.6
2016-08-23,91.12
2016-08-24,93.31
2016-08-25,92.57
2016-08-26,93.25
2016-08-29,92.6
2016-08-30,94.34
2016-08-31,96.19
2016-09-01,96.98
2016-09-02,98.71
2016-09-05,98.36
2016-09-06,96.75
2016-09-07,97.48
2016-09-08,99.11
2016-09-09,98.99
2016-09-12,96.86
2016-09-13,94.88
2016-09-14,94.18
2016-09-15,94.29
2016-09-16,91.83
2016-09-19,92.44
2016-09-20,91.54
2016-09-21,94.01
2016-09-22,95.54
2016-09-23,93.93
2016-09-26,91.38
2016-09-27,90.77
2016-09-28,91.55
2016-09-29,91.51
2016-09-30,92.54
2016-10-03,91.84
2016-10-04,92.36
2016-10-05,94.68
2016-10-06,95.77
2016-10-07,95.51
2016-10-10,95.87
2016-10-11,95.6
2016-10-12,96.04
2016-10-13,93.56
2016-10-14,95.87
2016-10-17,96.34
2016-10-18,98.33
2016-10-19,99.45
2016-10-20,101.57
2016-10-21,101.83
2016-10-24,104.62
2016-10-25,103.97
2016-10-26,104.5
2016-10-27,106.2
2016-10-28,105.8
2016-10-31,104.4
2016-11-01,102.92
2016-11-02,99.93
2016-11-03,101.58
2016-11-04,100.5
2016-11-07,103.55
2016-11-08,104.63
2016-11-09,106.15
2016-11-10,107.65
2016-11-11,106.74
2016-11-14,108.22
2016-11-15,107.92
2016-11-16,106.03
2016-11-17,106.04
2016-11-18,104.78
2016-11-21,104.57
2016-11-22,105.89
2016-11-23,105.3
2016-11-24,104.83
2016-11-25,104.19
2016-11-28,101.88
2016-11-29,103.35
2016-11-30,104.93
2016-12-01,106.67
2016-12-02,104.94
2016-12-05,106.19
2016-12-06,112.15
2016-12-07,114.6
2016-12-08,118.51
2016-12-09,117.0
2016-12-12,116.59
2016-12-13,118.32
2016-12-14,116.32
2016-12-15,120.34
2016-12-16,120.01
2016-12-19,118.04
2016-12-20,119.85
2016-12-21,119.45
2016-12-22,119.39
2016-12-23,119.32
2016-12-26,119.32
2016-12-27,118.79
2016-12-28,118.19
2016-12-29,116.98
2016-12-30,117.67
2017-01-02,118.72
2017-01-03,121.86
2017-01-04,122.54
2017-01-05,122.22
2017-01-06,122.71
2017-01-09,120.58
2017-01-10,119.87
2017-01-11,119.18
2017-01-12,118.2
2017-01-13,121.11
2017-01-16,118.93
2017-01-17,118.62
2017-01-18,118.13
2017-01-19,118.99
2017-01-20,119.59
2017-01-23,117.58
2017-01-24,119.02
2017-01-25,123.47
2017-01-26,122.81
2017-01-27,122.34
2017-01-30,119.56
2017-01-31,117.87
2017-02-01,119.77
2017-02-02,119.43
2017-02-03,120.78
2017-02-06,117.99
2017-02-07,115.9
2017-02-08,114.32
2017-02-09,115.67
2017-02-10,113.98
2017-02-13,115.38
2017-02-14,116.67
2017-02-15,118.34
2017-02-16,117.25
2017-02-17,115.43
2017-02-20,115.33
2017-02-21,115.31
2017-02-22,114.43
2017-02-23,113.88
2017-02-24,111.98
2017-02-27,112.8
2017-02-28,113.88
2017-03-01,118.34
2017-03-02,118.01
2017-03-03,120.9
2017-03-06,119.37
2017-03-07,119.33
2017-03-08,120.42
2017-03-09,123.22
2017-03-10,125.44
2017-03-13,125.0
2017-03-14,123.07
2017-03-15,124.17
2017-03-16,125.92
2017-03-17,125.85
2017-03-20,124.94
2017-03-21,125.86
2017-03-22,125.11
2017-03-23,126.39
2017-03-24,125.69
2017-03-27,125.17
2017-03-28,127.21
2017-03-29,126.68
2017-03-30,126.76
2017-03-31,127.52
2017-04-03,124.74
2017-04-04,124.47
2017-04-05,124.8
2017-04-06,125.84
2017-04-07,125.95
2017-04-10,124.6
2017-04-11,123.18
2017-04-12,121.92
2017-04-13,120.16
2017-04-14,120.16
2017-04-17,120.16
2017-04-18,118.94
2017-04-19,122.37
2017-04-20,124.03
2017-04-21,125.17
2017-04-24,134.39
2017-04-25,135.13
2017-04-26,134.72
2017-04-27,132.36
2017-04-28,132.51
2017-05-01,132.51
2017-05-02,133.91
2017-05-03,134.91
2017-05-04,137.29
2017-05-05,139.87
2017-05-08,138.69
2017-05-09,137.13
2017-05-10,137.11
2017-05-11,136.1
2017-05-12,136.27
2017-05-15,137.65
2017-05-16,137.53
2017-05-17,133.77
2017-05-18,132.49
2017-05-19,134.8
2017-05-22,133.41
2017-05-23,135.16
2017-05-24,135.52
2017-05-25,135.07
2017-05-26,134.19
2017-05-29,133.16
2017-05-30,131.13
2017-05-31,129.63
2017-06-01,129.73
2017-06-02,129.97
2017-06-05,129.42
2017-06-06,128.56
2017-06-07,129.68
2017-06-08,131.95
2017-06-09,132.98
2017-06-12,131.13
2017-06-13,131.52
2017-06-14,129.46
2017-06-15,129.09
2017-06-16,129.03
2017-06-19,130.62
2017-06-20,129.31
2017-06-21,129.48
2017-06-22,128.86
2017-06-23,127.86
2017-06-26,129.27
2017-06-27,131.03
2017-06-28,133.6
2017-06-29,132.83
2017-06-30,131.16
2017-07-03,135.24
2017-07-04,135.37
2017-07-05,135.04
2017-07-06,136.77
2017-07-07,136.25
2017-07-10,136.28
2017-07-11,135.64
2017-07-12,136.09
2017-07-13,137.37
2017-07-14,136.41
2017-07-17,135.85
2017-07-18,133.88
2017-07-19,133.85
2017-07-20,134.08
2017-07-21,132.58
2017-07-24,133.91
2017-07-25,136.28
2017-07-26,137.1
2017-07-27,137.06
2017-07-28,136.66
2017-07-31,135.99
2017-08-01,137.19
2017-08-02,135.74
2017-08-03,137.17
2017-08-04,138.69
2017-08-07,139.54
2017-08-08,139.91
2017-08-09,137.06
2017-08-10,134.99
2017-08-11,133.05
2017-08-14,135.31
2017-08-15,135.9
2017-08-16,136.81
2017-08-17,134.39
2017-08-18,134.48
2017-08-21,132.73
2017-08-22,133.14
2017-08-23,131.8
2017-08-24,132.43
2017-08-25,132.33
2017-08-28,132.01
2017-08-29,129.78
2017-08-30,130.19
2017-08-31,131.42
2017-09-01,132.05
2017-09-04,131.04
2017-09-05,128.93
2017-09-06,128.66
2017-09-07,127.83
2017-09-08,128.81
2017-09-11,131.67
2017-09-12,133.95
2017-09-13,134.58
2017-09-14,135.01
2017-09-15,133.76
2017-09-18,134.29
2017-09-19,134.38
2017-09-20,133.6
2017-09-21,135.6
2017-09-22,135.88
2017-09-25,134.14
2017-09-26,134.14
2017-09-27,137.23
2017-09-28,137.38
2017-09-29,138.38
2017-10-02,137.66
2017-10-03,137.82
2017-10-04,134.86
2017-10-05,137.01
2017-10-06,136.69
2017-10-09,136.18
2017-10-10,134.71
2017-10-11,135.5
2017-10-12,134.68
2017-10-13,133.66
2017-10-16,133.46
2017-10-17,133.81
2017-10-18,134.91
2017-10-19,133.89
2017-10-20,135.23
2017-10-23,134.22
2017-10-24,135.98
2017-10-25,135.52
2017-10-26,137.08
2017-10-27,135.53
2017-10-30,136.51
2017-10-31,135.64
2017-11-01,135.66
2017-11-02,135.89
2017-11-03,133.9
2017-11-06,132.63
2017-11-07,132.46
2017-11-08,132.33
2017-11-09,132.05
2017-11-10,132.35
2017-11-13,131.84
2017-11-14,130.75
2017-11-15,131.55
2017-11-16,131.78
2017-11-17,130.87
2017-11-20,130.59
2017-11-21,129.98
2017-11-22,130.3
2017-11-23,130.58
2017-11-24,131.88
2017-11-27,130.85
2017-11-28,131.34
2017-11-29,133.16
2017-11-30,132.19
2017-12-01,130.45
2017-12-04,132.43
2017-12-05,131.78
2017-12-06,130.25
2017-12-07,132.0
2017-12-08,135.07
2017-12-11,134.64
2017-12-12,135.07
2017-12-13,133.89
2017-12-14,132.67
2017-12-15,132.06
2017-12-18,133.47
2017-12-19,133.58
2017-12-20,132.77
2017-12-21,133.98
2017-12-22,132.56
2017-12-25,132.56
2017-12-26,132.56
2017-12-27,131.82
2017-12-28,131.27
2017-12-29,130.48
2018-01-01,130.48
2018-01-02,130.59
2018-01-03,131.01
2018-01-04,134.32
2018-01-05,134.42
2018-01-08,134.75
2018-01-09,135.42
2018-01-10,138.86
2018-01-11,139.77
2018-01-12,140.32
2018-01-15,140.41
2018-01-16,140.0
2018-01-17,139.23
2018-01-18,139.64
2018-01-19,140.13
2018-01-22,142.29
2018-01-23,141.92
2018-01-24,141.19
2018-01-25,142.88
2018-01-26,143.04
2018-01-29,143.05
2018-01-30,140.94
2018-01-31,140.84
2018-02-01,140.29
2018-02-02,138.4
2018-02-05,136.84
2018-02-06,133.41
2018-02-07,136.13
2018-02-08,134.59
2018-02-09,132.08
2018-02-12,133.41
2018-02-13,131.67
2018-02-14,132.56
2018-02-15,133.03
2018-02-16,134.17
2018-02-19,133.82
2018-02-20,134.47
2018-02-21,134.63
2018-02-22,134.41
2018-02-23,134.03
2018-02-26,134.11
2018-02-27,135.12
2018-02-28,134.61
2018-03-01,133.36
2018-03-02,130.19
2018-03-05,129.46
2018-03-06,130.22
2018-03-07,130.65
2018-03-08,131.2
2018-03-09,130.83
2018-03-12,131.05
2018-03-13,130.27
2018-03-14,128.48
2018-03-15,128.78
2018-03-16,130.47
2018-03-19,129.1
2018-03-20,129.59
2018-03-21,128.37
2018-03-22,125.46
2018-03-23,124.2
2018-03-26,123.72
2018-03-27,124.56
2018-03-28,125.15
2018-03-29,125.69
2018-03-30,125.69
2018-04-02,125.69
2018-04-03,124.66
2018-04-04,124.17
2018-04-05,127.68
2018-04-06,126.22
2018-04-09,126.73
2018-04-10,127.09
2018-04-11,126.24
2018-04-12,127.51
2018-04-13,127.8
2018-04-16,128.0
2018-04-17,128.76
2018-04-18,129.38
2018-04-19,130.09
2018-04-20,130.58
2018-04-23,131.97
2018-04-24,131.58
2018-04-25,130.05
2018-04-26,129.88
2018-04-27,129.64
2018-04-30,130.08
2018-05-01,130.08
2018-05-02,130.74
2018-05-03,128.86
2018-05-04,128.91
2018-05-07,129.05
2018-05-08,128.36
2018-05-09,129.07
2018-05-10,129.53
2018-05-11,129.93
2018-05-14,129.6
2018-05-15,129.48
2018-05-16,126.54
2018-05-17,126.59
2018-05-18,124.41
2018-05-21,123.43
2018-05-22,125.31
2018-05-23,123.44
2018-05-24,121.78
2018-05-25,119.51
2018-05-28,117.51
2018-05-29,112.31
2018-05-30,112.18
2018-05-31,110.33
2018-06-01,113.43
2018-06-04,113.69
2018-06-05,111.28
2018-06-06,112.45
2018-06-07,113.0
2018-06-08,111.82
2018-06-11,114.99
2018-06-12,114.96
2018-06-13,114.37
2018-06-14,114.13
2018-06-15,111.98
2018-06-18,111.62
2018-06-19,111.94
2018-06-20,112.8
2018-06-21,111.24
2018-06-22,112.6
2018-06-25,110.23
2018-06-26,109.89
2018-06-27,109.41
2018-06-28,109.55
2018-06-29,110.45
2018-07-02,109.7
2018-07-03,110.62
2018-07-04,111.34
2018-07-05,113.0
2018-07-06,113.15
2018-07-09,113.73
2018-07-10,112.57
2018-07-11,110.63
2018-07-12,110.59
2018-07-13,110.62
2018-07-16,111.1
2018-07-17,110.65
2018-07-18,110.77
2018-07-19,110.3
2018-07-20,110.11
2018-07-23,110.8
2018-07-24,113.27
2018-07-25,112.63
2018-07-26,113.72
2018-07-27,114.94
2018-07-30,115.24
2018-07-31,116.73
2018-08-01,115.52
2018-08-02,113.1
2018-08-03,113.6
2018-08-06,113.25
2018-08-07,114.08
2018-08-08,113.57
2018-08-09,113.06
2018-08-10,109.41
2018-08-13,107.46
2018-08-14,106.82
2018-08-15,105.67
2018-08-16,105.94
2018-08-17,105.14
2018-08-20,105.24
2018-08-21,106.77
2018-08-22,106.92
2018-08-23,106.56
2018-08-24,106.61
2018-08-27,107.3
2018-08-28,106.32
2018-08-29,106.7
2018-08-30,105.04
2018-08-31,104.16
2018-09-03,104.44
2018-09-04,105.7
2018-09-05,106.58
2018-09-06,105.56
2018-09-07,104.2
2018-09-10,105.81
2018-09-11,105.5
2018-09-12,105.24
2018-09-13,106.36
2018-09-14,106.89
2018-09-17,108.16
2018-09-18,108.6
2018-09-19,110.42
2018-09-20,111.78
2018-09-21,112.01
2018-09-24,110.9
2018-09-25,111.74
2018-09-26,111.25
2018-09-27,110.9
2018-09-28,106.55
2018-10-01,105.3
2018-10-02,104.66
2018-10-03,105.39
2018-10-04,106.08
2018-10-05,105.04
2018-10-08,103.42
2018-10-09,104.28
2018-10-10,104.28
2018-10-11,102.36
2018-10-12,101.84
2018-10-15,101.92
2018-10-16,102.85
2018-10-17,102.33
2018-10-18,100.08
2018-10-19,99.51
2018-10-22,98.35
2018-10-23,97.1
2018-10-24,94.95
2018-10-25,96.4
2018-10-26,95.43
2018-10-29,97.01
2018-10-30,96.26
2018-10-31,96.89
2018-11-01,98.31
2018-11-02,99.74
2018-11-05,99.37
2018-11-06,98.86
2018-11-07,100.36
2018-11-08,100.45
2018-11-09,99.17
2018-11-12,97.84
2018-11-13,99.23
2018-11-14,98.63
2018-11-15,97.59
2018-11-16,97.0
2018-11-19,96.85
2018-11-20,94.53
2018-11-21,96.03
2018-11-22,95.09
2018-11-23,95.38
2018-11-26,98.16
2018-11-27,97.66
2018-11-28,97.75
2018-11-29,97.53
2018-11-30,96.85
2018-12-03,98.48
2018-12-04,96.2
2018-12-05,95.65
2018-12-06,91.55
2018-12-07,91.58
2018-12-10,89.19
2018-12-11,89.42
2018-12-12,92.09
2018-12-13,92.78
2018-12-14,92.04
2018-12-17,90.31
2018-12-18,90.03
2018-12-19,90.53
2018-12-20,87.43
2018-12-21,86.74
2018-12-24,85.86
2018-12-25,85.86
2018-12-26,85.86
2018-12-27,84.8
2018-12-28,86.76
2018-12-31,87.04
2019-01-01,87.04
2019-01-02,86.61
2019-01-03,86.66
2019-01-04,90.48
2019-01-07,90.95
2019-01-08,91.2
2019-01-09,90.97
2019-01-10,91.65
2019-01-11,91.73
2019-01-14,91.4
2019-01-15,91.28
2019-01-16,94.3
2019-01-17,92.38
2019-01-18,94.33
2019-01-21,93.9
2019-01-22,92.93
2019-01-23,93.75
2019-01-24,93.21
2019-01-25,95.58
2019-01-28,94.11
2019-01-29,93.96
2019-01-30,93.55
2019-01-31,91.15
2019-02-01,90.09
2019-02-04,89.04
2019-02-05,90.68
2019-02-06,92.36
2019-02-07,89.58
2019-02-08,88.62
2019-02-11,89.92
2019-02-12,90.81
2019-02-13,90.71
2019-02-14,89.37
2019-02-15,92.61
2019-02-18,93.45
2019-02-19,92.94
2019-02-20,93.58
2019-02-21,92.54
2019-02-22,92.71
2019-02-25,94.12
2019-02-26,94.32
2019-02-27,96.24
2019-02-28,98.17
2019-03-01,97.68
2019-03-04,97.51
2019-03-05,96.79
2019-03-06,97.02
2019-03-07,93.8
2019-03-08,92.03
2019-03-11,93.93
2019-03-12,93.57
2019-03-13,95.06
2019-03-14,95.71
2019-03-15,96.78
2019-03-18,98.32
2019-03-19,98.51
2019-03-20,96.96
2019-03-21,95.32
2019-03-22,92.41
2019-03-25,92.21
2019-03-26,91.75
2019-03-27,93.45
2019-03-28,92.41
2019-03-29,93.25
2019-04-01,95.86
2019-04-02,96.11
2019-04-03,97.66
2019-04-04,98.36
2019-04-05,98.03
2019-04-08,97.32
2019-04-09,97.42
2019-04-10,96.73
2019-04-11,98.29
2019-04-12,101.02
2019-04-15,101.62
2019-04-16,102.7
2019-04-17,103.6
2019-04-18,103.54
2019-04-19,103.54
2019-04-22,103.54
2019-04-23,101.89
2019-04-24,100.15
2019-04-25,99.45
2019-04-26,99.76
2019-04-29,101.08
2019-04-30,100.73
2019-05-01,100.73
2019-05-02,100.54
2019-05-03,100.18
2019-05-06,98.68
2019-05-07,96.36
2019-05-08,96.38
2019-05-09,93.72
2019-05-10,93.83
2019-05-13,92.13
2019-05-14,93.16
2019-05-15,92.58
2019-05-16,94.31
2019-05-17,93.34
2019-05-20,91.15
2019-05-21,91.62
2019-05-22,90.32
2019-05-23,88.83
2019-05-24,89.23
2019-05-27,88.97
2019-05-28,88.64
2019-05-29,87.26
2019-05-30,87.83
2019-05-31,86.36
2019-06-03,85.92
2019-06-04,88.3
2019-06-05,87.44
2019-06-06,86.2
2019-06-07,86.11
2019-06-10,87.53
2019-06-11,87.54
2019-06-12,86.51
2019-06-13,86.4
2019-06-14,85.75
2019-06-17,85.7
2019-06-18,87.02
2019-06-19,88.48
2019-06-20,86.93
2019-06-21,86.59
2019-06-24,86.01
2019-06-25,85.57
2019-06-26,86.83
2019-06-27,87.48
2019-06-28,88.14
2019-07-01,88.6
2019-07-02,88.17
2019-07-03,90.31
2019-07-04,91.69
2019-07-05,92.04
2019-07-08,90.63
2019-07-09,89.84
2019-07-10,90.45
2019-07-11,90.87
2019-07-12,90.85
2019-07-15,90.81
2019-07-16,92.02
2019-07-17,90.42
2019-07-18,89.82
2019-07-19,88.4
2019-07-22,88.14
2019-07-23,90.3
2019-07-24,90.29
2019-07-25,90.34
2019-07-26,89.56
2019-07-29,88.75
2019-07-30,86.18
2019-07-31,86.21
2019-08-01,86.69
2019-08-02,83.85
2019-08-05,82.67
2019-08-06,81.78
2019-08-07,80.97
2019-08-08,82.57
2019-08-09,80.47
2019-08-12,78.72
2019-08-13,80.0
2019-08-14,77.62
2019-08-15,77.45
2019-08-16,79.84
2019-08-19,79.96
2019-08-20,79.0
2019-08-21,79.31
2019-08-22,80.36
2019-08-23,78.82
2019-08-26,79.61
2019-08-27,79.62
2019-08-28,79.64
2019-08-30,80.66
2019-09-02,80.51
2019-09-03,80.13
2019-09-04,81.1
2019-09-05,83.82
2019-09-06,83.83
2019-09-09,86.11
2019-09-10,87.69
2019-09-11,87.51
2019-09-12,87.72
2019-09-13,90.37
2019-09-16,89.05
2019-09-17,86.99
2019-09-18,86.64
2019-09-19,88.74
2019-09-20,89.45
2019-09-23,86.98
2019-09-24,86.29
2019-09-25,86.32
2019-09-26,86.2
2019-09-27,87.15
2019-09-30,87.7
2019-10-01,86.38
2019-10-02,83.47
2019-10-03,83.29
2019-10-04,83.4
2019-10-07,83.99
2019-10-08,82.9
2019-10-09,83.15
2019-10-10,85.65
2019-10-11,89.02
2019-10-14,88.55
2019-10-15,90.88
2019-10-16,91.93
2019-10-18,91.4
2019-10-21,93.38
2019-10-22,93.17
2019-10-23,93.43
2019-10-24,92.88
2019-10-25,93.15
2019-10-28,93.38
2019-10-29,93.27
2019-10-30,90.67
2019-10-31,89.87
2019-11-01,90.76
2019-11-04,93.02
2019-11-05,94.31
2019-11-06,94.52
2019-11-07,96.75
2019-11-08,95.37
2019-11-11,95.31
2019-11-12,95.68
2019-11-13,93.4
2019-11-14,93.06
2019-11-15,93.65
2019-11-18,93.2
2019-11-19,93.39
2019-11-20,93.2
2019-11-21,93.57
2019-11-22,94.22
2019-11-25,94.6
2019-11-26,93.98
2019-11-27,94.31
2019-11-28,93.66
2019-11-29,93.2
2019-12-02,92.15
2019-12-03,90.99
2019-12-04,92.88
2019-12-05,92.78
2019-12-06,93.9
2019-12-09,93.73
2019-12-10,93.47
2019-12-11,93.54
2019-12-12,96.12
2019-12-13,96.18
2019-12-16,97.83
2019-12-17,97.62
2019-12-18,98.04
2019-12-19,98.54
2019-12-20,98.75
2019-12-23,97.76
2019-12-24,97.65
2019-12-27,97.22
2019-12-30,96.78
2019-12-31,96.71
2020-01-02,99.33
2020-01-03,98.18
2020-01-06,97.34
2020-01-07,97.61
2020-01-08,98.27
2020-01-09,98.58
2020-01-10,97.49
2020-01-13,96.77
2020-01-14,96.67
2020-01-15,95.08
2020-01-16,95.38
2020-01-17,95.72
2020-01-20,94.85
2020-01-21,94.4
2020-01-22,93.78
2020-01-23,93.3
2020-01-24,93.15
2020-01-27,91.5
2020-01-28,92.97
2020-01-29,93.89
2020-01-30,93.18
2020-01-31,91.39
2020-02-03,91.88
2020-02-04,93.94
2020-02-05,96.09
2020-02-06,98.5
2020-02-07,99.64
2020-02-10,99.02
2020-02-11,99.92
2020-02-12,101.53
2020-02-13,101.59
2020-02-14,101.18
2020-02-17,102.0
2020-02-18,101.17
2020-02-19,100.99
2020-02-20,99.66
2020-02-21,98.44
2020-02-24,94.29
2020-02-25,91.28
2020-02-26,91.56
2020-02-27,87.34
2020-02-28,84.2
2020-03-02,82.36
2020-03-03,81.23
2020-03-04,80.89
2020-03-05,77.74
2020-03-06,74.99
2020-03-09,65.4
2020-03-10,65.04
2020-03-11,66.68
2020-03-12,55.63
2020-03-13,57.48
2020-03-16,50.96
2020-03-17,53.26
2020-03-18,50.65
2020-03-19,51.85
2020-03-20,54.01
2020-03-23,52.47
2020-03-24,58.29
2020-03-25,60.64
2020-03-26,61.45
2020-03-27,57.85
2020-03-30,54.56
2020-03-31,54.34
2020-04-01,51.98
2020-04-02,52.06
2020-04-03,50.23
2020-04-06,53.74
2020-04-07,55.31
2020-04-08,55.12
2020-04-09,55.92
2020-04-14,54.55
2020-04-15,50.7
2020-04-16,50.15
2020-04-17,51.27
2020-04-20,51.09
2020-04-21,48.74
2020-04-22,50.2
2020-04-23,52.34
2020-04-24,50.31
2020-04-27,52.71
2020-04-28,55.48
2020-04-29,58.33
2020-04-30,55.12
2020-05-01,55.12
2020-05-04,52.37
2020-05-05,53.51
2020-05-06,52.33
2020-05-07,53.03
2020-05-08,53.73
2020-05-11,52.72
2020-05-12,52.84
2020-05-13,50.58
2020-05-14,50.22
2020-05-15,50.06
2020-05-18,53.19
2020-05-19,51.82
2020-05-20,52.87
2020-05-21,51.82
2020-05-22,52.46
2020-05-25,53.25
2020-05-26,56.73
2020-05-27,59.5
2020-05-28,59.58
2020-05-29,57.49
2020-06-01,58.97
2020-06-02,60.99
2020-06-03,63.53
2020-06-04,64.24
2020-06-05,69.09
2020-06-08,70.45
2020-06-09,67.79
2020-06-10,66.45
2020-06-11,61.77
2020-06-12,62.35
2020-06-15,61.67
2020-06-16,64.32
2020-06-17,64.17
2020-06-18,63.25
2020-06-19,62.62
2020-06-22,62.3
2020-06-23,64.33
2020-06-24,61.4
2020-06-25,62.71
2020-06-26,61.19
2020-06-29,63.17
2020-06-30,62.82
2020-07-01,62.17
2020-07-02,65.21
2020-07-03,64.42
2020-07-06,67.0
2020-07-07,66.1
2020-07-08,64.7
2020-07-09,63.2
2020-07-10,64.98
2020-07-13,65.86
2020-07-14,65.68
2020-07-15,67.04
2020-07-16,67.24
2020-07-17,66.5
2020-07-20,66.83
2020-07-21,67.16
2020-07-22,66.29
2020-07-23,65.45
2020-07-24,64.88
2020-07-27,63.53
2020-07-28,63.61
2020-07-29,62.32
2020-07-30,59.51
2020-07-31,58.67
2020-08-03,60.04
2020-08-04,61.44
2020-08-05,61.57
2020-08-06,61.08
2020-08-07,60.85
2020-08-10,62.05
2020-08-11,64.57
2020-08-12,64.77
2020-08-13,63.62
2020-08-14,63.21
2020-08-17,62.36
2020-08-18,61.77
2020-08-19,63.03
2020-08-20,61.45
2020-08-21,60.71
2020-08-24,62.41
2020-08-25,62.53
2020-08-26,63.1
2020-08-27,62.43
2020-08-28,63.96
2020-08-31,61.86
2020-09-01,61.57
2020-09-02,60.84
2020-09-03,60.9
2020-09-04,62.69
2020-09-07,62.89
2020-09-08,61.39
2020-09-09,62.37
2020-09-10,62.5
2020-09-11,61.31
2020-09-14,61.9
2020-09-15,60.98
2020-09-16,60.98
2020-09-17,60.17
2020-09-18,58.59
2020-09-21,54.9
2020-09-22,54.56
2020-09-23,53.67
2020-09-24,53.89
2020-09-25,52.98
2020-09-28,55.5
2020-09-29,54.16
2020-09-30,54.5
2020-10-01,53.99
2020-10-02,54.15
2020-10-05,55.31
2020-10-06,57.85
2020-10-07,57.37
2020-10-08,58.4
2020-10-09,57.9
2020-10-12,57.58
2020-10-13,55.59
2020-10-14,55.76
2020-10-15,54.57
2020-10-16,55.55
2020-10-19,56.02
2020-10-20,56.88
2020-10-21,55.89
2020-10-22,56.11
2020-10-23,57.43
2020-10-26,56.49
2020-10-27,54.64
2020-10-28,52.65
2020-10-29,52.36
2020-10-30,53.41
2020-11-02,55.38
2020-11-03,57.73
2020-11-04,57.32
2020-11-05,57.97
2020-11-06,57.03
2020-11-09,64.96
2020-11-10,68.94
2020-11-11,68.22
2020-11-12,67.29
2020-11-13,68.44
2020-11-16,70.78
2020-11-17,71.14
2020-11-18,71.7
2020-11-19,70.86
2020-11-20,71.18
2020-11-23,72.37
2020-11-24,75.74
2020-11-25,75.61
2020-11-26,74.7
2020-11-27,75.56
2020-11-30,73.87
2020-12-01,75.79
2020-12-02,76.89
2020-12-03,77.32
2020-12-04,78.88
2020-12-07,77.07
2020-12-08,76.79
2020-12-09,76.96
2020-12-10,75.35
2020-12-11,74.03
2020-12-14,74.86
2020-12-15,76.51
2020-12-16,75.5
2020-12-17,75.57
2020-12-18,74.5
2020-12-21,71.32
2020-12-22,72.79
2020-12-23,74.84
2020-12-24,75.15
2020-12-28,74.85
2020-12-29,74.52
2020-12-30,74.21
2020-12-31,73.77
2021-01-04,73.71
2021-01-05,73.6
2021-01-06,77.69
2021-01-07,79.09
2021-01-08,78.2
2021-01-11,77.73
2021-01-12,78.43
2021-01-13,77.78
2021-01-14,77.71
2021-01-15,76.3
2021-01-18,77.04
2021-01-19,75.66
2021-01-20,76.13
2021-01-21,75.65
2021-01-22,74.08
2021-01-25,71.3
2021-01-26,72.78
2021-01-27,70.76
2021-01-28,72.07
2021-01-29,70.41
2021-02-01,70.92
2021-02-02,73.34
2021-02-03,74.18
2021-02-04,76.17
2021-02-05,77.62
2021-02-08,78.7
2021-02-09,78.21
2021-02-11,78.72
2021-02-12,79.68
2021-02-15,82.0
2021-02-16,81.96
2021-02-17,81.65
2021-02-18,80.53
2021-02-19,82.7
2021-02-22,82.75
2021-02-23,83.76
2021-02-24,84.9
2021-02-25,85.73
2021-02-26,83.88
2021-03-01,84.8
2021-03-02,85.11
2021-03-03,87.12
2021-03-04,86.46
2021-03-05,87.03
2021-03-08,90.03
2021-03-09,88.79
2021-03-10,88.56
2021-03-11,87.47
2021-03-12,88.82
2021-03-15,87.73
2021-03-16,87.79
2021-03-17,88.84
2021-03-18,90.91
2021-03-19,88.35
2021-03-22,86.87
2021-03-24,87.58
2021-03-25,87.04
2021-03-26,87.81
2021-03-29,86.68
2021-03-30,89.16
2021-03-31,88.07
2021-04-01,88.31
2021-04-06,88.53
2021-04-08,88.04
2021-04-09,87.46
2021-04-12,87.67
2021-04-13,87.32
2021-04-14,88.05
2021-04-15,86.83
2021-04-16,88.12
2021-04-19,89.14
2021-04-20,85.7
2021-04-21,85.07
2021-04-22,85.45
2021-04-23,85.47
2021-04-26,87.78
2021-04-27,88.97
2021-04-28,90.82
2021-04-29,91.87
2021-04-30,91.89
2021-05-03,92.08
2021-05-04,91.03
2021-05-05,93.25
2021-05-06,93.78
2021-05-07,93.93
2021-05-10,96.03
2021-05-11,95.17
2021-05-12,96.28
2021-05-13,95.62
2021-05-14,97.46
2021-05-17,97.4
2021-05-18,97.67
2021-05-19,95.92
2021-05-20,96.31
2021-05-21,97.33
2021-05-24,97.03
2021-05-25,97.26
2021-05-26,96.25
2021-05-27,98.35
2021-05-28,98.53
2021-05-31,98.01
2021-06-01,99.59
2021-06-17,97.45
2021-06-18,94.23
2021-06-21,94.64
2021-06-22,94.6
2021-06-23,94.16
2021-06-24,95.46
2021-06-25,96.27
2021-06-28,93.96
2021-06-29,94.74
2021-06-30,93.66
2021-07-01,95.38
2021-07-02,93.8
2021-07-05,95.41
2021-07-06,92.66
2021-07-07,91.94
2021-07-08,89.5
2021-07-09,91.97
2021-07-12,92.17
2021-07-13,90.81
2021-07-14,91.22
2021-07-15,90.94
2021-07-16,89.25
2021-07-19,85.99
2021-07-20,87.4
2021-07-21,90.29
2021-07-22,90.15
2021-07-23,91.41
2021-07-26,93.39
2021-07-27,92.51
2021-07-28,91.97
2021-07-29,93.62
2021-07-30,92.87
2021-08-02,92.49
2021-08-03,93.55
2021-08-04,94.46
2021-08-05,95.14
2021-08-06,97.54
2021-08-09,97.85
2021-08-10,98.02
2021-08-11,99.28
2021-08-12,98.68
2021-08-13,98.88
2021-08-16,97.75
2021-08-17,96.17
2021-08-18,97.03
2021-08-19,94.59
2021-08-20,94.66
2021-08-23,95.66
2021-08-24,95.84
2021-08-25,97.83
2021-08-26,96.84
2021-08-27,96.86
2021-08-30,96.04
2021-08-31,96.76
2021-09-01,98.06
2021-09-02,97.84
2021-09-03,96.88
2021-09-06,97.42
2021-09-07,97.76
2021-09-08,96.38
2021-09-09,96.57
2021-09-10,95.71
2021-09-13,97.48
2021-09-14,96.64
2021-09-15,96.55
2021-09-16,97.55
2021-09-17,96.59
2021-09-20,92.25
2021-09-21,92.39
2021-09-22,95.15
2021-09-23,97.4
2021-09-24,97.82
2021-09-27,100.9
2021-09-28,98.62
2021-09-29,100.28
2021-09-30,100.31
2021-10-01,99.4
2021-10-04,98.02
2021-10-05,101.93
2021-10-06,101.02
2021-10-07,102.65
2021-10-08,102.72
2021-10-11,102.85
2021-10-12,102.94
2021-10-13,100.83
2021-10-14,101.7
2021-10-15,103.45
2021-10-18,103.16
2021-10-19,103.12
2021-10-20,103.5
2021-10-21,102.56
2021-10-22,102.75
2021-10-25,103.39
2021-10-26,103.47
2021-10-27,102.03
2021-10-28,101.8
2021-10-29,102.68
2021-11-01,104.56
2021-11-02,104.18
2021-11-03,105.06
2021-11-04,103.78
2021-11-05,104.71
2021-11-08,104.51
2021-11-09,103.63
2021-11-10,104.22
2021-11-11,104.75
2021-11-12,104.05
2021-11-15,104.61
2021-11-16,103.77
2021-11-17,103.71
2021-11-18,102.49
2021-11-19,99.6
2021-11-22,100.39
2021-11-23,99.97
2021-11-24,100.04
2021-11-25,100.16
2021-11-26,93.71
2021-11-29,94.08
2021-11-30,93.8
2021-12-01,95.94
2021-12-02,95.5
2021-12-03,94.85
2021-12-06,96.8
2021-12-07,98.34
2021-12-08,97.75
2021-12-09,97.37
2021-12-10,96.78
2021-12-13,95.84
2021-12-14,96.74
2021-12-15,95.95
2021-12-16,97.41
2021-12-17,96.0
2021-12-20,95.05
2021-12-21,97.61
2021-12-22,98.06
2021-12-23,99.44
2021-12-24,99.35
2021-12-27,100.07
2021-12-28,100.61
2021-12-29,100.51
2021-12-30,100.52
2021-12-31,100.44
2022-01-03,101.71
2022-01-04,104.58
2022-01-05,105.01
2022-01-06,106.01
2022-01-07,107.1
2022-01-10,106.8
2022-01-11,107.1
2022-01-12,108.41
2022-01-13,109.6
2022-01-14,109.13
2022-01-17,109.42
2022-01-18,108.84
2022-01-19,107.38
2022-01-20,106.87
2022-01-21,104.92
2022-01-24,100.89
2022-01-25,103.28
2022-01-26,106.21
2022-01-27,107.45
2022-01-28,106.13
2022-01-31,106.45
2022-02-01,108.81
2022-02-02,109.48
2022-02-03,110.46
2022-02-04,110.24
2022-02-07,111.6
2022-02-08,114.1
2022-02-09,115.69
2022-02-10,116.13
2022-02-11,114.74
2022-02-14,110.42
2022-02-15,112.44
2022-02-16,111.1
2022-02-17,109.32
2022-02-18,108.92
2022-02-21,107.15
2022-02-22,106.44
2022-02-23,105.06
2022-02-24,96.27
2022-02-25,99.64
2022-02-28,94.0
2022-03-01,87.65
2022-03-02,88.87
2022-03-03,87.99
2022-03-04,81.02
2022-03-07,77.71
2022-03-08,79.63
2022-03-09,87.26
2022-03-10,84.48
2022-03-11,84.66
2022-03-14,87.74
2022-03-15,88.19
2022-03-16,93.48
2022-03-17,91.84
2022-03-18,92.04
2022-03-21,91.7
2022-03-22,93.45
2022-03-23,91.32
2022-03-24,90.15
2022-03-25,89.39
2022-03-28,89.94
2022-03-29,95.12
2022-03-30,93.01
2022-03-31,90.78
2022-04-01,91.94
2022-04-04,91.75
2022-04-05,89.78
2022-04-06,86.84
2022-04-07,86.42
2022-04-08,88.53
2022-04-11,89.13
2022-04-12,87.64
2022-04-13,87.9
2022-04-14,88.63
2022-04-19,88.92
2022-04-20,90.68
2022-04-21,91.99
2022-04-22,90.28
2022-04-25,87.91
2022-04-26,86.02
2022-04-27,85.28
2022-04-28,84.87
2022-04-29,86.26
2022-05-02,84.55
2022-05-03,86.82
2022-05-04,85.48
2022-05-05,84.21
2022-05-06,82.84
2022-05-09,81.08
2022-05-10,81.99
2022-05-11,84.33
2022-05-12,84.11
2022-05-13,85.82
2022-05-16,85.52
2022-05-17,87.57
2022-05-18,87.25
2022-05-19,87.3
2022-05-20,87.17
2022-05-23,89.25
2022-05-24,89.38
2022-05-25,90.62
2022-05-26,91.82
2022-05-27,92.2
2022-05-30,93.19
2022-05-31,91.75
2022-06-01,91.03
2022-06-02,90.97
2022-06-03,90.38
2022-06-06,92.31
2022-06-07,91.38
2022-06-08,90.73
2022-06-09,89.28
2022-06-10,83.77
2022-06-13,81.18
2022-06-14,82.02
2022-06-15,84.08
2022-06-16,82.04
2022-06-17,83.25
2022-06-20,85.51
2022-06-21,86.47
2022-06-22,86.25
2022-06-23,82.4
2022-06-24,83.93
2022-06-27,83.95
2022-06-28,84.12
2022-06-29,82.77
2022-06-30,80.05
2022-07-01,79.73
2022-07-04,79.47
2022-07-05,76.58
2022-07-06,75.92
2022-07-07,78.48
2022-07-08,79.79
2022-07-11,77.92
2022-07-12,76.91
2022-07-13,75.74
2022-07-14,73.04
2022-07-15,74.02
2022-07-18,75.58
2022-07-19,78.74
2022-07-20,78.03
2022-07-21,77.97
2022-07-22,76.63
2022-07-25,77.89
2022-07-26,77.21
2022-07-27,78.17
2022-07-28,78.36
2022-07-29,80.03
2022-08-01,79.49
2022-08-02,79.8
2022-08-03,81.25
2022-08-04,81.8
2022-08-05,82.8
2022-08-08,83.03
2022-08-09,82.87
2022-08-10,83.71
2022-08-11,84.0
2022-08-12,85.03
2022-08-15,84.61
2022-08-16,84.92
2022-08-17,83.79
2022-08-18,83.45
2022-08-19,81.24
2022-08-22,79.2
2022-08-23,79.72
2022-08-24,79.66
2022-08-25,79.24
2022-08-26,77.76
2022-08-29,77.83
2022-08-30,78.9
2022-08-31,79.11
2022-09-01,77.86
2022-09-02,80.29
2022-09-05,78.6
2022-09-06,79.18
2022-09-07,78.83
2022-09-08,81.32
2022-09-09,83.92
2022-09-12,86.79
2022-09-13,85.84
2022-09-14,86.2
2022-09-15,88.0
2022-09-16,86.35
2022-09-19,86.32
2022-09-20,85.54
2022-09-21,85.18
2022-09-22,86.02
2022-09-23,83.06
2022-09-26,82.23
2022-09-27,80.49
2022-09-28,78.87
2022-09-29,77.07
2022-09-30,78.52
2022-10-03,79.36
2022-10-04,82.99
2022-10-05,81.09
2022-10-06,80.2
2022-10-07,79.72
2022-10-10,79.72
2022-10-11,78.76
2022-10-12,78.31
2022-10-13,80.53
2022-10-14,81.33
2022-10-17,82.84
2022-10-18,84.08
2022-10-19,84.13
2022-10-20,84.99
2022-10-21,85.03
2022-10-24,86.49
2022-10-25,87.18
2022-10-26,87.05
2022-10-27,87.58
2022-10-28,87.45
2022-10-31,87.5
2022-11-01,88.16
2022-11-02,88.16
2022-11-03,89.15
2022-11-04,91.04
2022-11-07,91.49
2022-11-08,91.58
2022-11-09,90.72
2022-11-10,90.85
2022-11-11,91.13
2022-11-14,91.78
2022-11-15,92.75
2022-11-16,92.19
2022-11-17,92.19
2022-11-18,93.58
2022-11-21,93.31
2022-11-22,94.28
2022-11-23,94.46
2022-11-24,95.07
2022-11-25,95.33
2022-11-28,94.08
2022-11-29,94.93
2022-11-30,94.92
2022-12-01,93.46
2022-12-02,93.8
2022-12-05,93.55
2022-12-06,93.42
2022-12-07,92.77
2022-12-08,92.46
2022-12-09,93.3
2022-12-12,92.86
2022-12-13,94.16
2022-12-14,93.73
2022-12-15,91.19
2022-12-16,92.87
2022-12-19,92.69
2022-12-20,95.03
2022-12-21,96.54
2022-12-22,96.18
2022-12-23,96.31
2022-12-27,96.52
2022-12-28,96.15
2022-12-29,96.61
2022-12-30,95.86
2023-01-02,97.81
2023-01-03,99.71
2023-01-04,102.77
2023-01-05,103.05
2023-01-06,104.09
2023-01-09,104.01
2023-01-10,103.95
2023-01-11,103.65
2023-01-12,104.87
2023-01-13,105.36
2023-01-16,105.11
2023-01-17,104.96
2023-01-18,105.31
2023-01-19,103.67
2023-01-20,104.84
2023-01-23,105.66
2023-01-24,106.56
2023-01-25,106.4
2023-01-26,108.46
2023-01-27,109.18
2023-01-30,109.21
2023-01-31,111.13
2023-02-01,112.37
2023-02-02,111.63
2023-02-03,111.69
2023-02-06,111.04
2023-02-07,112.22
2023-02-08,113.14
2023-02-09,114.62
2023-02-10,112.97
2023-02-13,113.59
2023-02-14,114.23
2023-02-15,113.96
2023-02-16,116.91
2023-02-17,116.6
2023-02-20,115.87
2023-02-21,115.76
2023-02-22,113.35
2023-02-23,114.7
2023-02-24,113.78
2023-02-27,116.31
2023-02-28,118.34
2023-03-01,116.28
2023-03-02,115.98
2023-03-03,118.02
2023-03-06,119.28
2023-03-07,117.57
2023-03-08,118.12
2023-03-09,116.41
2023-03-10,112.0
2023-03-13,104.46
2023-03-14,107.6
2023-03-15,98.56
2023-03-16,99.7
2023-03-17,96.99
2023-03-20,98.9
2023-03-21,103.64
2023-03-22,102.92
2023-03-23,100.58
2023-03-24,95.94
2023-03-27,97.56
2023-03-28,98.44
2023-03-29,100.36
2023-03-30,102.21
2023-03-31,101.95
2023-04-03,102.21
2023-04-04,102.3
2023-04-05,101.67
2023-04-06,103.9
2023-04-11,103.85
2023-04-12,104.51
2023-04-13,104.68
2023-04-14,108.18
2023-04-17,106.31
2023-04-18,108.38
2023-04-19,109.47
2023-04-20,108.3
2023-04-21,107.74
2023-04-24,107.82
2023-04-25,104.91
2023-04-26,104.31
2023-04-27,105.62
2023-04-28,103.54
2023-05-01,103.54
2023-05-02,101.08
2023-05-03,100.87
2023-05-04,99.19
2023-05-05,102.3
2023-05-08,103.39
2023-05-09,102.85
2023-05-10,102.11
2023-05-11,102.29
2023-05-12,103.22
2023-05-15,103.14
2023-05-16,102.72
2023-05-17,103.13
2023-05-18,104.17
2023-05-19,104.37
2023-05-22,104.0
2023-05-23,104.37
2023-05-24,101.87
2023-05-25,102.25
2023-05-26,102.87
2023-05-29,102.13
2023-05-30,100.35
2023-05-31,98.4
2023-06-01,100.25
2023-06-02,102.94
2023-06-05,101.95
2023-06-06,102.91
2023-06-07,103.12
2023-06-08,103.88
2023-06-09,103.0
2023-06-12,103.13
2023-06-13,103.51
2023-06-14,105.12
2023-06-15,104.13
2023-06-16,104.97
2023-06-19,105.22
2023-06-20,104.88
2023-06-21,105.73
2023-06-22,103.86
2023-06-23,101.97
2023-06-26,102.54
2023-06-27,103.88
2023-06-28,104.59
2023-06-29,106.12
2023-06-30,107.35
2023-07-03,108.74
2023-07-04,107.71
2023-07-05,107.17
2023-07-06,104.53
2023-07-07,105.59
2023-07-10,105.84
2023-07-11,107.22
2023-07-12,108.99
2023-07-13,109.97
2023-07-14,109.35
2023-07-17,109.88
2023-07-18,110.82
2023-07-19,110.88
2023-07-20,111.57
2023-07-21,111.79
2023-07-24,112.14
2023-07-25,112.6
2023-07-26,112.48
2023-07-27,113.38
2023-07-28,113.66
2023-07-31,113.91
2023-08-01,112.34
2023-08-02,110.54
2023-08-03,111.53
2023-08-04,112.59
2023-08-07,112.94
2023-08-08,108.94
2023-08-09,110.49
2023-08-10,112.36
2023-08-11,111.57
2023-08-14,111.83
2023-08-15,111.02
2023-08-16,110.38
2023-08-17,110.24
2023-08-18,109.61
2023-08-21,110.1
2023-08-22,110.53
2023-08-23,109.91
2023-08-24,109.95
2023-08-25,109.97
2023-08-28,111.94
2023-08-29,112.77
2023-08-30,112.87
2023-08-31,111.58
2023-09-01,110.96
2023-09-04,110.81
2023-09-05,109.99
2023-09-06,107.93
2023-09-07,106.9
2023-09-08,107.23
2023-09-11,108.65
2023-09-12,109.08
2023-09-13,109.25
2023-09-14,111.11
2023-09-15,110.81
2023-09-18,108.76
2023-09-19,110.03
2023-09-20,112.25
2023-09-21,112.16
2023-09-22,110.6
2023-09-25,109.99
2023-09-26,109.43
2023-09-27,109.97
2023-09-28,111.54
2023-09-29,111.85
2023-10-02,110.47
2023-10-03,109.18
2023-10-04,108.75
2023-10-05,109.3
2023-10-06,111.09
2023-10-09,109.17
2023-10-10,111.67
2023-10-11,112.26
2023-10-12,111.79
2023-10-13,109.73
2023-10-16,110.79
2023-10-17,110.67
2023-10-18,109.67
2023-10-19,108.85
2023-10-20,106.99
2023-10-23,107.27
2023-10-24,106.24
2023-10-25,106.83
2023-10-26,106.97
2023-10-27,106.96
2023-10-30,107.76
2023-10-31,107.78
2023-11-01,108.5
2023-11-02,109.35
2023-11-03,110.69
2023-11-06,110.49
2023-11-07,109.88
2023-11-08,110.2
2023-11-09,111.05
2023-11-10,110.61
2023-11-13,112.24
2023-11-14,113.38
2023-11-15,113.92
2023-11-16,113.7
2023-11-17,115.13
2023-11-20,114.91
2023-11-21,114.23
2023-11-22,114.32
2023-11-23,114.87
2023-11-24,115.28
2023-11-27,114.41
2023-11-28,115.12
2023-11-29,116.12
2023-11-30,116.2
2023-12-01,116.94
2023-12-04,117.62
2023-12-05,118.36
2023-12-06,119.2
2023-12-07,118.01
2023-12-08,119.25
2023-12-11,119.27
2023-12-12,118.51
2023-12-13,117.97
2023-12-14,118.33
2023-12-15,118.14
2023-12-18,117.89
2023-12-19,117.96
2023-12-20,118.07
2023-12-21,118.03
2023-12-22,118.55
2023-12-27,118.92
2023-12-28,118.14
2023-12-29,118.38
2024-01-02,120.28
2024-01-03,118.97
2024-01-04,121.39
2024-01-05,122.27
2024-01-08,122.62
2024-01-09,121.17
2024-01-10,120.66
2024-01-11,118.69
2024-01-12,118.84
2024-01-15,118.66
2024-01-16,117.69
2024-01-17,117.02
2024-01-18,118.0
2024-01-19,117.88
2024-01-22,118.96
2024-01-23,118.54
2024-01-24,120.3
2024-01-25,119.14
2024-01-26,119.87
2024-01-29,118.95
2024-01-30,121.1
2024-01-31,121.42
2024-02-01,118.2
2024-02-02,119.34
2024-02-05,118.84
2024-02-06,119.14
2024-02-07,117.42
2024-02-08,117.31
2024-02-09,117.24
2024-02-12,118.89
2024-02-13,118.46
2024-02-14,118.74
2024-02-15,118.76
2024-02-16,119.15
2024-02-19,119.81
2024-02-20,120.57
2024-02-21,121.43
2024-02-22,122.31
2024-02-23,123.2
2024-02-26,122.46
2024-02-27,122.76
2024-02-28,123.12
2024-02-29,122.22
2024-03-01,123.79
2024-03-04,124.56
2024-03-05,125.23
2024-03-06,126.09
2024-03-07,127.17
2024-03-08,127.42
2024-03-11,127.58
2024-03-12,130.12
2024-03-13,131.12
2024-03-14,130.28
2024-03-15,132.04
2024-03-18,132.46
2024-03-19,134.45
2024-03-20,134.23
2024-03-21,135.9
2024-03-22,135.69
2024-03-25,136.02
2024-03-26,137.55
2024-03-27,138.09
2024-03-28,139.31
2024-04-02,139.38
2024-04-03,141.48
2024-04-04,142.53
2024-04-05,140.93
2024-04-08,141.61
2024-04-09,140.04
2024-04-10,140.84
2024-04-11,137.68
2024-04-12,137.29
2024-04-15,137.79
2024-04-16,134.85
2024-04-17,136.77
2024-04-18,139.6
2024-04-19,139.63
2024-04-22,141.08
2024-04-23,144.02
2024-04-24,142.74
2024-04-25,143.27
2024-04-26,144.66
2024-04-29,143.46
2024-04-30,141.63
2024-05-01,141.63
2024-05-02,142.5
2024-05-03,141.38
2024-05-06,142.97
2024-05-07,146.21
2024-05-08,146.09
2024-05-09,145.1
2024-05-10,145.88
2024-05-13,146.19
2024-05-14,147.75
2024-05-15,148.5
2024-05-16,147.99
2024-05-17,149.41
2024-05-20,148.71
2024-05-21,147.4
2024-05-22,146.55
2024-05-23,146.67
2024-05-24,146.49
2024-05-27,146.27
2024-05-28,146.95
2024-05-29,144.46
2024-05-30,146.63
2024-05-31,146.76
2024-06-03,147.06
2024-06-04,143.32
2024-06-05,142.99
2024-06-06,145.35
2024-06-07,145.47
2024-06-10,143.35
2024-06-11,139.54
2024-06-12,140.87
2024-06-13,136.7
2024-06-14,133.73
2024-06-17,135.38
2024-06-18,136.96
2024-06-19,136.79
2024-06-20,138.28
2024-06-21,135.95
2024-06-24,138.86
2024-06-25,137.82
2024-06-26,137.16
2024-06-27,136.74
2024-06-28,136.81
2024-07-01,140.69
2024-07-02,139.03
2024-07-03,141.36
2024-07-04,143.23
2024-07-05,142.33
2024-07-08,142.23
2024-07-09,140.68
2024-07-10,142.27
2024-07-11,142.31
2024-07-12,143.23
2024-07-15,142.66
2024-07-16,142.89
2024-07-17,143.82
2024-07-18,144.82
2024-07-19,143.89
2024-07-22,146.78
2024-07-23,147.7
2024-07-24,147.1
2024-07-25,145.66
2024-07-26,145.56
2024-07-29,144.75
2024-07-30,146.49
2024-07-31,144.71
2024-08-01,138.7
2024-08-02,132.75
2024-08-05,129.92
2024-08-06,128.99
2024-08-07,132.6
2024-08-08,132.29
2024-08-09,133.05
2024-08-12,133.3
2024-08-13,133.63
2024-08-14,134.16
2024-08-15,136.52
2024-08-16,137.99
2024-08-19,139.26
2024-08-20,137.89
2024-08-21,138.42
2024-08-22,139.06
2024-08-23,140.5
2024-08-26,140.21
2024-08-27,141.38
2024-08-28,141.52
2024-08-29,142.15
2024-08-30,143.31
2024-09-02,143.29
2024-09-03,140.61
2024-09-04,139.9
2024-09-05,141.47
2024-09-06,138.91
2024-09-09,140.57
2024-09-10,138.47
2024-09-11,138.85
2024-09-12,141.13
2024-09-13,142.21
2024-09-16,142.29
2024-09-17,143.93
2024-09-18,144.06
2024-09-19,146.16
2024-09-20,146.01
2024-09-23,143.35
2024-09-24,144.24
2024-09-25,143.71
2024-09-26,147.55
2024-09-27,147.31
2024-10-01,141.06
2024-10-02,140.93
2024-10-03,140.26
2024-10-04,142.73
2024-10-07,144.47
2024-10-08,143.71
2024-10-09,143.68
2024-10-10,144.24
2024-10-11,145.12
2024-10-14,146.02
2024-10-15,146.27
2024-10-16,145.85
2024-10-17,147.02
2024-10-18,148.1
2024-10-21,146.5
2024-10-22,146.42
2024-10-23,145.7
2024-10-24,144.66
2024-10-25,144.79
2024-10-28,146.22
2024-10-29,145.87
2024-10-30,144.79
2024-10-31,145.26
2024-11-01,148.1
2024-11-04,148.76
2024-11-05,149.31
2024-11-06,144.76
2024-11-07,144.74
2024-11-08,143.42
2024-11-11,145.64
2024-11-12,142.58
2024-11-13,142.28
2024-11-14,144.85
2024-11-15,145.78
2024-11-18,145.87
2024-11-19,143.39
2024-11-20,142.74
2024-11-21,142.75
2024-11-22,140.24
2024-11-25,139.62
2024-11-26,137.96
2024-11-27,137.18
2024-11-28,138.33
2024-11-29,139.19
2024-12-02,139.32
2024-12-03,140.84
2024-12-04,141.79
2024-12-05,146.24
2024-12-06,145.89
2024-12-09,146.4
2024-12-10,146.62
2024-12-11,146.3
2024-12-12,146.69
2024-12-13,147.32
2024-12-16,147.53
2024-12-17,144.83
2024-12-18,146.02
2024-12-19,144.15
2024-12-20,142.93
2024-12-23,142.92
2024-12-24,142.97
2024-12-27,144.82
2024-12-30,145.35
2024-12-31,146.04
2025-01-02,145.42
2025-01-03,145.07
2025-01-06,148.39
2025-01-07,148.87
2025-01-08,149.73
2025-01-09,150.46
2025-01-10,149.99
2025-01-13,151.02
2025-01-14,153.55
2025-01-15,155.4
2025-01-16,155.4
2025-01-17,156.34
2025-01-20,158.25
2025-01-21,158.02
2025-01-22,156.51
2025-01-23,159.67
2025-01-24,160.12
2025-01-27,160.32
2025-01-28,160.96
2025-01-29,162.68
2025-01-30,162.83
2025-01-31,161.88
2025-02-03,159.08
2025-02-04,161.75
2025-02-05,162.87
2025-02-06,168.91
2025-02-07,168.99
2025-02-10,168.25
2025-02-11,170.83
2025-02-12,172.8
2025-02-13,172.17
2025-02-14,173.39
2025-02-17,174.81
2025-02-18,178.24
2025-02-19,175.42
2025-02-20,175.49
2025-02-21,176.88
2025-02-24,177.78
2025-02-25,180.69
2025-02-26,185.09
2025-02-27,184.49
2025-02-28,184.23
2025-03-03,187.2
2025-03-04,179.59
2025-03-05,188.87
2025-03-06,193.7
2025-03-07,192.9
2025-03-10,187.33
2025-03-11,184.19
2025-03-12,187.33
2025-03-13,186.22
2025-03-14,191.0
2025-03-17,193.01
2025-03-18,197.79
2025-03-19,197.58
2025-03-20,193.15
2025-03-21,192.92
2025-03-24,193.69
2025-03-25,197.77
2025-03-26,195.78
2025-03-27,194.18
2025-03-28,189.96
2025-03-31,186.24
2025-04-01,189.57
2025-04-02,189.05
2025-04-03,179.71
2025-04-04,164.59
2025-04-07,158.34
2025-04-08,162.42
2025-04-09,158.5
2025-04-10,167.25
2025-04-11,166.55
2025-04-14,172.38
2025-04-15,177.37
2025-04-16,178.44
2025-04-17,176.52
2025-04-22,177.5
2025-04-23,183.6
2025-04-24,181.73
2025-04-25,184.75
2025-04-28,186.78
2025-04-29,188.42
2025-04-30,184.84
2025-05-01,184.84
2025-05-02,189.24
2025-05-05,190.35
2025-05-06,189.81
2025-05-07,189.51
2025-05-08,193.3
2025-05-09,195.05
2025-05-12,199.08
2025-05-13,199.19
2025-05-14,202.03
2025-05-15,201.64
2025-05-16,202.13
2025-05-19,201.77
2025-05-20,204.21
2025-05-21,204.43
2025-05-22,203.95
2025-05-23,199.11
2025-05-26,201.33
2025-05-27,202.09
2025-05-28,200.54
2025-05-29,200.93
2025-05-30,201.37
2025-06-02,201.49
2025-06-03,201.55
2025-06-04,200.03
2025-06-05,203.02
2025-06-06,204.21
2025-06-09,204.43
2025-06-10,200.54
2025-06-11,200.83
2025-06-12,201.03
2025-06-13,198.09
2025-06-16,202.93
2025-06-17,198.28
2025-06-18,199.52
2025-06-19,195.63
2025-06-20,197.15
2025-06-23,195.05
2025-06-24,200.79
2025-06-25,198.25
2025-06-26,198.13
2025-06-27,201.53
2025-06-30,200.99
2025-07-01,198.44
2025-07-02,201.42
2025-07-03,203.67
2025-07-04,200.96
2025-07-07,204.19
2025-07-08,205.82
2025-07-09,211.28
2025-07-10,207.84
2025-07-11,204.16
2025-07-14,204.94
2025-07-15,202.67
2025-07-16,202.39
2025-07-17,204.14
2025-07-18,204.37
2025-07-21,204.56
2025-07-22,203.75
2025-07-23,207.57
2025-07-24,212.08
2025-07-25,211.72
2025-07-28,211.53
2025-07-29,215.17
2025-07-30,218.13
2025-07-31,219.74
2025-08-01,212.29
2025-08-04,217.98
2025-08-05,217.53
2025-08-06,220.38
2025-08-07,224.73
2025-08-08,228.97
2025-08-11,230.13
2025-08-12,230.87
2025-08-13,232.86
2025-08-14,235.63
2025-08-15,236.01
2025-08-18,234.08
2025-08-19,236.06
2025-08-20,234.74
2025-08-21,236.1
2025-08-22,236.14
2025-08-25,233.88
2025-08-26,228.32
2025-08-27,224.71
2025-08-28,225.42
2025-08-29,224.41
2025-09-01,225.99
2025-09-02,222.75
2025-09-03,223.54
2025-09-04,226.67
2025-09-05,223.69
2025-09-08,226.88
2025-09-09,228.96
2025-09-10,230.65
2025-09-11,232.53
2025-09-12,232.8
2025-09-15,235.93
2025-09-16,231.16
2025-09-17,228.79
2025-09-18,230.71
2025-09-19,232.99
2025-09-22,230.85
2025-09-23,231.89
2025-09-24,232.63
2025-09-25,231.81
2025-09-26,234.99
