"Date","sigma_hat"
2000-01-14,36.4247681160455
2000-01-21,35.6151422223334
2000-01-28,36.5614888093239
2000-02-04,37.0200782654398
2000-02-11,32.5399734829128
2000-02-18,32.2483978859865
2000-02-25,32.6928503879527
2000-03-03,32.5919984893008
2000-03-10,32.5800001667649
2000-03-17,32.0946354602205
2000-03-24,32.3587129797793
2000-03-31,30.6926821206635
2000-04-07,31.3666290005137
2000-04-14,33.0096241060629
2000-04-21,28.3304445266963
2000-04-28,28.8892127312978
2000-05-05,28.8242394133168
2000-05-12,28.7513175814473
2000-05-19,28.6733289912324
2000-05-26,24.3693188255614
2000-06-02,25.2051928511902
2000-06-09,27.2250923445289
2000-06-16,26.4959559098612
2000-06-23,22.012048403491
2000-06-30,23.1643741316014
2000-07-07,24.3946922161107
2000-07-14,25.2021963288352
2000-07-21,23.7294342486062
2000-07-28,24.0383395309475
2000-08-04,20.8314071248971
2000-08-11,21.2312766052213
2000-08-18,22.8925986578466
2000-08-25,23.2475088217656
2000-09-01,22.0485920790258
2000-09-08,22.1098770331071
2000-09-15,22.0170760895061
2000-09-22,22.4584917161401
2000-09-29,23.9583384309144
2000-10-06,24.90482687066
2000-10-13,22.6409241880952
2000-10-20,25.019117160636
2000-10-27,26.4148731918661
2000-11-03,24.9311308308604
2000-11-10,27.071386307324
2000-11-17,28.1633786038893
2000-11-24,26.0131912283036
2000-12-01,27.6234947210282
2000-12-08,28.487585153479
2000-12-15,29.2474675069519
2000-12-22,30.2320719788813
2000-12-29,29.8663214049323
2001-01-05,31.2338724180012
2001-01-12,32.2851529131012
2001-01-19,32.6304441688271
2001-01-26,29.6663882432209
2001-02-02,28.8663122928338
2001-02-09,29.2284313491203
2001-02-16,26.2306035003668
2001-02-23,26.0755247570136
2001-03-02,28.1383019204697
2001-03-09,27.8605796137638
2001-03-16,28.4173573810248
2001-03-23,30.7575191787704
2001-03-30,32.540154844491
2001-04-06,35.1263360091324
2001-04-13,34.2098230136527
2001-04-20,35.3579897415822
2001-04-27,32.5677159151724
2001-05-04,33.2259030675399
2001-05-11,33.2355910507909
2001-05-18,33.7250176083352
2001-05-25,32.6816041746335
2001-06-01,32.7364951201369
2001-06-08,32.3927772757724
2001-06-15,31.4186583043985
2001-06-22,32.4344471438957
2001-06-29,29.1408510559096
2001-07-06,26.7354749770861
2001-07-13,28.4772124778235
2001-07-20,29.1229846529036
2001-07-27,30.2529433847098
2001-08-03,30.4631724113041
2001-08-10,31.4419292000151
2001-08-17,32.8328691907715
2001-08-24,30.453481253083
2001-08-31,32.1993332482494
2001-09-07,32.8965225648696
2001-09-14,35.5534876403423
2001-09-21,39.2705212798908
2001-09-28,43.2499015190581
2001-10-05,47.621083453662
2001-10-12,44.0160961511893
2001-10-19,44.5362761832262
2001-10-26,45.0059162546898
2001-11-02,46.8381362918069
2001-11-09,46.5882878827007
2001-11-16,47.7676299947394
2001-11-23,48.8626360019414
2001-11-30,46.7587959798931
2001-12-07,47.3406435982156
2001-12-14,48.3097614565504
2001-12-21,49.922492766269
2001-12-28,48.4163783006021
2002-01-04,48.1306861476769
2002-01-11,46.7082912492048
2002-01-18,46.2716191559033
2002-01-25,43.8781297785809
2002-02-01,43.608181174234
2002-02-08,36.0609242592548
2002-02-15,38.0735966795092
2002-02-22,37.9728498337063
2002-03-01,38.8054935342327
2002-03-08,40.8566474152917
2002-03-15,41.4189702208272
2002-03-22,39.8771002124754
2002-03-29,39.0099303459567
2002-04-05,38.3352931218329
2002-04-12,37.5898890496218
2002-04-19,34.2778617306586
2002-04-26,35.9938931128426
2002-05-03,36.605920423605
2002-05-10,35.8209695878576
2002-05-17,35.164737213876
2002-05-24,35.343391522149
2002-05-31,36.2013001564836
2002-06-07,33.8882814567468
2002-06-14,35.5910272263997
2002-06-21,37.5831241756717
2002-06-28,36.8565411957764
2002-07-05,36.6142471466535
2002-07-12,34.5821858243556
2002-07-19,37.5164796209421
2002-07-26,40.0056408563237
2002-08-02,42.3365423279499
2002-08-09,40.2737789958606
2002-08-16,42.8719598295005
2002-08-23,41.0770233964938
2002-08-30,42.7786191769306
2002-09-06,43.4632436344198
2002-09-13,45.4891161961712
2002-09-20,45.8141071207519
2002-09-27,48.9001682562956
2002-10-04,50.1466198869256
2002-10-11,53.6011988069151
2002-10-18,55.737051092505
2002-10-25,58.7571752778747
2002-11-01,58.305261483604
2002-11-08,56.9524005054691
2002-11-15,47.9073022917252
2002-11-22,48.6515349341656
2002-11-29,50.5183432359729
2002-12-06,49.3331759845982
2002-12-13,50.7894656447523
2002-12-20,51.4895766955297
2002-12-27,50.2400927497925
2003-01-03,50.0819574212257
2003-01-10,51.6379205839571
2003-01-17,40.1945612477417
2003-01-24,41.3199906031817
2003-01-31,43.5519850075663
2003-02-07,42.3203954261852
2003-02-14,42.7654905079636
2003-02-21,43.8750582828001
2003-02-28,35.333877978324
2003-03-07,35.5507410040138
2003-03-14,37.9936772984221
2003-03-21,40.0170000586403
2003-03-28,42.4968364111787
2003-04-04,44.3544264774114
2003-04-11,45.8872186709383
2003-04-18,44.8836364923017
2003-04-25,45.3351289299113
2003-05-02,41.1844811325809
2003-05-09,40.9728258066246
2003-05-16,37.8123339488052
2003-05-23,38.1827791786175
2003-05-30,39.4997106713055
2003-06-06,40.4910888055237
2003-06-13,41.7550775181384
2003-06-20,41.3235037633497
2003-06-27,41.4217024153387
2003-07-04,40.9166989457742
2003-07-11,39.7443576146738
2003-07-18,39.5158668621997
2003-07-25,36.6765329070234
2003-08-01,35.0033497946998
2003-08-08,35.1137743654233
2003-08-15,35.0260841399115
2003-08-22,35.7394697509056
2003-08-29,34.1383432106549
2003-09-05,34.0108364599525
2003-09-12,34.3522276971044
2003-09-19,34.1618076768624
2003-09-26,34.6976392860043
2003-10-03,36.1409987707646
2003-10-10,36.6160195025772
2003-10-17,35.3972843621122
2003-10-24,35.1693987807305
2003-10-31,35.5132357191317
2003-11-07,36.9158833559388
2003-11-14,36.9626952873608
2003-11-21,34.465886865851
2003-11-28,34.8029350693923
2003-12-05,35.5761884258
2003-12-12,35.9626080337172
2003-12-19,33.5902602509538
2003-12-26,32.5616113490196
2004-01-02,27.9444583793094
2004-01-09,29.0120550811255
2004-01-16,27.692581051611
2004-01-23,27.6777086391144
2004-01-30,27.4707718943736
2004-02-06,28.0281504155908
2004-02-13,24.7533387127602
2004-02-20,24.4165707318421
2004-02-27,24.0025967240762
2004-03-05,23.5566169427601
2004-03-12,23.7813459034465
2004-03-19,25.0387583747702
2004-03-26,25.8084730124936
2004-04-02,19.4082983128393
2004-04-09,20.9605599178357
2004-04-16,21.4544280685008
2004-04-23,21.7239451918856
2004-04-30,21.5527514688601
2004-05-07,22.7237995448288
2004-05-14,23.5716254265366
2004-05-21,23.9177329352767
2004-05-28,23.6665428850205
2004-06-04,23.1861570311279
2004-06-11,23.8159443650376
2004-06-18,23.0067436648258
2004-06-25,22.9729615809151
2004-07-02,22.9754920384778
2004-07-09,23.0094032877757
2004-07-16,22.9571109687715
2004-07-23,23.6476072146034
2004-07-30,23.9145750607172
2004-08-06,24.5433357755336
2004-08-13,25.3603863123324
2004-08-20,25.3155278869924
2004-08-27,25.685567934847
2004-09-03,26.7282249832395
2004-09-10,27.2479150372645
2004-09-17,25.7544367914928
2004-09-24,26.3674684180133
2004-10-01,26.1945236239543
2004-10-08,26.5728163360688
2004-10-15,26.7343243601829
2004-10-22,25.6176337123617
2004-10-29,24.9812069456688
2004-11-05,24.8260702536038
2004-11-12,25.5932513443049
2004-11-19,24.6983004971612
2004-11-26,21.8024891335595
2004-12-03,21.3718063779409
2004-12-10,20.8901315741137
2004-12-17,19.5192030898564
2004-12-24,19.4562385016141
2004-12-31,20.0791904353331
2005-01-07,19.2811954721573
2005-01-14,20.2747697461575
2005-01-21,20.1514065329851
2005-01-28,19.2977264284917
2005-02-04,18.6828381118574
2005-02-11,19.5920817942824
2005-02-18,20.3631982175057
2005-02-25,19.4078545955265
2005-03-04,18.60311625337
2005-03-11,19.2483075592473
2005-03-18,19.3832214154497
2005-03-25,19.6941825323901
2005-04-01,19.2611363154338
2005-04-08,17.4271532386867
2005-04-15,18.1226421327167
2005-04-22,19.1256831866472
2005-04-29,19.6956698425852
2005-05-06,20.5350346293401
2005-05-13,21.5934061320372
2005-05-20,20.3023861612841
2005-05-27,20.7803648476675
2005-06-03,20.2951384321406
2005-06-10,20.2543153853466
2005-06-17,20.5721845360777
2005-06-24,21.1117926917904
2005-07-01,21.2902918527345
2005-07-08,21.6616049084801
2005-07-15,20.7724869206411
2005-07-22,21.7121515909767
2005-07-29,22.3195793865143
2005-08-05,20.8093131588081
2005-08-12,20.4751638371693
2005-08-19,20.7597490682224
2005-08-26,19.869684892243
2005-09-02,20.8948586604143
2005-09-09,21.4670584397046
2005-09-16,22.5559771062206
2005-09-23,21.6833815987862
2005-09-30,21.1107286487895
2005-10-07,22.2693099281991
2005-10-14,21.8529230254889
2005-10-21,20.4474110810594
2005-10-28,21.3982806450889
2005-11-04,19.6296577807966
2005-11-11,21.0261960027046
2005-11-18,21.9133285119865
2005-11-25,21.3571225096423
2005-12-02,21.396947010682
2005-12-09,21.1404300979714
2005-12-16,20.7773845867704
2005-12-23,21.1102303711755
2005-12-30,21.6366316741388
2006-01-06,19.849359166821
2006-01-13,20.6371664482762
2006-01-20,20.208925105432
2006-01-27,20.8922818727178
2006-02-03,22.3912986825563
2006-02-10,21.8892015174085
2006-02-17,22.4862493864115
2006-02-24,23.3511840847861
2006-03-03,24.360478472783
2006-03-10,25.2077130157129
2006-03-17,24.4398703021418
2006-03-24,24.9654184993967
2006-03-31,23.3001234937027
2006-04-07,22.4386759390811
2006-04-14,20.4452811063992
2006-04-21,21.1324040103417
2006-04-28,21.8957166624448
2006-05-05,20.8867555766612
2006-05-12,20.7418365983369
2006-05-19,21.075154116275
2006-05-26,22.5782006559483
2006-06-02,21.2020092251305
2006-06-09,21.8220972847998
2006-06-16,23.3727707556639
2006-06-23,23.7406676803234
2006-06-30,24.6834187385485
2006-07-07,25.7622885833382
2006-07-14,25.1167108778522
2006-07-21,26.5321354041683
2006-07-28,26.5880090524595
2006-08-04,28.1058848136733
2006-08-11,27.559295085301
2006-08-18,26.756455277201
2006-08-25,27.8588118243372
2006-09-01,22.2675064884641
2006-09-08,22.6178509586778
2006-09-15,23.0959941516704
2006-09-22,23.9234147105954
2006-09-29,22.6593524803279
2006-10-06,22.8925714956113
2006-10-13,23.6600430123284
2006-10-20,24.2376972007246
2006-10-27,24.1875846003845
2006-11-03,22.5769171100712
2006-11-10,21.8449638973916
2006-11-17,22.1464326303187
2006-11-24,20.7176062055467
2006-12-01,20.2083929481339
2006-12-08,21.3011755135914
2006-12-15,21.7161944829075
2006-12-22,22.641562466694
2006-12-29,22.2487515801884
2007-01-05,22.2772489824421
2007-01-12,22.7006285472322
2007-01-19,22.8040757759476
2007-01-26,21.5075558499947
2007-02-02,19.4545975149765
2007-02-09,20.0942482352377
2007-02-16,19.5890121616035
2007-02-23,19.3868375100606
2007-03-02,15.9480586641356
2007-03-09,17.6656909651066
2007-03-16,18.6523799253191
2007-03-23,20.0984784752529
2007-03-30,21.9037438678135
2007-04-06,21.7727817656479
2007-04-13,22.1482760287449
2007-04-20,22.2554124480776
2007-04-27,23.5532200406691
2007-05-04,23.2690995387689
2007-05-11,22.9479316902395
2007-05-18,21.8308101839254
2007-05-25,21.3776577368592
2007-06-01,22.1618163936964
2007-06-08,21.6709300923048
2007-06-15,22.9669126000778
2007-06-22,23.9571967165346
2007-06-29,24.560163209421
2007-07-06,24.1252269040652
2007-07-13,23.8036215924453
2007-07-20,22.7932411878138
2007-07-27,23.1567517531844
2007-08-03,24.6707184337544
2007-08-10,23.0226241670653
2007-08-17,23.9424177974817
2007-08-24,23.0153676226107
2007-08-31,23.0373358976687
2007-09-07,21.6010265131914
2007-09-14,23.377877826584
2007-09-21,21.5906569698062
2007-09-28,23.1357404798613
2007-10-05,22.9060806680053
2007-10-12,24.9002623966797
2007-10-19,25.1298435272139
2007-10-26,26.4614075083929
2007-11-02,26.6159627992352
2007-11-09,26.7919713714427
2007-11-16,29.0064144256008
2007-11-23,29.7886846191187
2007-11-30,30.4642648681642
2007-12-07,32.7533993060019
2007-12-14,32.807263351567
2007-12-21,33.8114601405241
2007-12-28,33.8885239778299
2008-01-04,33.0400190580246
2008-01-11,34.5538535583984
2008-01-18,34.9049100953655
2008-01-25,38.0340141615538
2008-02-01,39.969139666184
2008-02-08,41.138965013467
2008-02-15,44.2233304422343
2008-02-22,39.7101046995101
2008-02-29,36.5488826157489
2008-03-07,37.0568428219721
2008-03-14,39.7474804496612
2008-03-21,37.8548415370533
2008-03-28,37.2757391335043
2008-04-04,40.1619382983879
2008-04-11,42.9785745313286
2008-04-18,44.5911010627113
2008-04-25,47.0942955417521
2008-05-02,44.6899777121885
2008-05-09,46.2774011387073
2008-05-16,47.6955340128341
2008-05-23,44.3666118475256
2008-05-30,46.9507741937267
2008-06-06,43.5050570969163
2008-06-13,46.5557579191943
2008-06-20,46.4545650852042
2008-06-27,48.7692106420742
2008-07-04,50.4555832349714
2008-07-11,52.0026384593362
2008-07-18,53.616430047823
2008-07-25,56.7693934144176
2008-08-01,56.4264678008896
2008-08-08,56.5266448496391
2008-08-15,57.8166448294007
2008-08-22,57.5002914026642
2008-08-29,58.6006160650368
2008-09-05,58.6486626594147
2008-09-12,59.4852381604101
2008-09-19,59.7489662093107
2008-09-26,56.5167147946692
2008-10-03,58.9459024012291
2008-10-10,58.7289291345721
2008-10-17,68.840803784109
2008-10-24,73.8882947905289
2008-10-31,82.2755917413802
2008-11-07,89.2399642176485
2008-11-14,90.8704782806772
2008-11-21,100.077851257685
2008-11-28,111.343443713878
2008-12-05,121.005094398244
2008-12-12,126.967680415666
2008-12-19,130.015168407722
2008-12-26,127.998144098473
2009-01-02,125.64836543991
2009-01-09,128.53458704608
2009-01-16,118.193453649299
2009-01-23,123.955181162841
2009-01-30,130.530169079031
2009-02-06,136.405849462689
2009-02-13,130.961721797047
2009-02-20,131.105652700216
2009-02-27,137.61099097718
2009-03-06,134.22200768768
2009-03-13,141.344339950986
2009-03-20,148.052387385219
2009-03-27,150.010542304277
2009-04-03,148.611021055421
2009-04-10,147.883463902706
2009-04-17,144.218436866487
2009-04-24,142.979416295371
2009-05-01,133.386013536808
2009-05-08,128.373110447157
2009-05-15,127.35358433389
2009-05-22,126.326320061702
2009-05-29,124.191796376357
2009-06-05,113.135124009434
2009-06-12,107.015650696461
2009-06-19,101.298817904618
2009-06-26,99.5787101412805
2009-07-03,93.8110145981817
2009-07-10,86.7356883715122
2009-07-17,85.484021602863
2009-07-24,87.5891171820763
2009-07-31,86.4024779928148
2009-08-07,83.8876396366622
2009-08-14,83.6299646172786
2009-08-21,75.8902943091908
2009-08-28,73.8059319837403
2009-09-04,73.1114061179281
2009-09-11,71.4279878834399
2009-09-18,65.3398077187495
2009-09-25,64.584709673623
2009-10-02,60.7362418795117
2009-10-09,60.5535010444612
2009-10-16,61.2288029539169
2009-10-23,58.3034370647064
2009-10-30,53.8392232861588
2009-11-06,55.5164007062904
2009-11-13,54.5016479364136
2009-11-20,54.7190029954289
2009-11-27,54.9318544992673
2009-12-04,52.7546958026553
2009-12-11,52.4680213315519
2009-12-18,53.6585970903227
2009-12-25,49.9714065877396
2010-01-01,49.968689261976
2010-01-08,37.9833051911736
2010-01-15,39.7835317686591
2010-01-22,41.1502998965097
2010-01-29,43.1989754801739
2010-02-05,44.1164425319644
2010-02-12,46.7476559808021
2010-02-19,45.8758006909738
2010-02-26,47.2423407596383
2010-03-05,47.5114465878781
2010-03-12,49.7742104117222
2010-03-19,47.409739774732
2010-03-26,38.7996269535824
2010-04-02,39.1722687502231
2010-04-09,36.4772645075449
2010-04-16,34.718632092326
2010-04-23,33.6504751300522
2010-04-30,35.0503447253407
2010-05-07,36.626637546324
2010-05-14,40.8219934990446
2010-05-21,43.3919818407566
2010-05-28,41.597931460309
2010-06-04,40.9843338628685
2010-06-11,43.916852302143
2010-06-18,46.8109848981092
2010-06-25,49.4525030201155
2010-07-02,51.2142535526259
2010-07-09,52.16182572022
2010-07-16,55.4106526863093
2010-07-23,55.021933828909
2010-07-30,55.3589007386391
2010-08-06,56.2713631887744
2010-08-13,54.2889957635341
2010-08-20,55.5167801899121
2010-08-27,55.5520463279506
2010-09-03,53.166595805781
2010-09-10,54.5951226836126
2010-09-17,43.1280622960041
2010-09-24,42.5893070317378
2010-10-01,40.169084049062
2010-10-08,41.7501472424719
2010-10-15,42.4654782519799
2010-10-22,39.23641949222
2010-10-29,39.6909511806087
2010-11-05,40.3373362837722
2010-11-12,41.0487157816375
2010-11-19,40.8346647021054
2010-11-26,38.8652944064492
2010-12-03,41.5177376866928
2010-12-10,42.8608040878378
2010-12-17,42.690765048226
2010-12-24,43.6529333340475
2010-12-31,42.5848985915824
2011-01-07,43.0579873602752
2011-01-14,41.9225211382011
2011-01-21,44.6026934638719
2011-01-28,46.1281235609311
2011-02-04,44.1641916907875
2011-02-11,43.4659920569581
2011-02-18,34.1273824935065
2011-02-25,35.6799667392913
2011-03-04,36.878502999474
2011-03-11,38.2743919732432
2011-03-18,38.194529823268
2011-03-25,37.459636643903
2011-04-01,38.4411670969342
2011-04-08,38.8123583288046
2011-04-15,38.9768341793481
2011-04-22,40.5295395343946
2011-04-29,39.7024074414269
2011-05-06,40.6349659770148
2011-05-13,40.6610601520194
2011-05-20,40.8247959617825
2011-05-27,40.8578818223064
2011-06-03,33.9130752376688
2011-06-10,32.2911566075327
2011-06-17,34.1302783395388
2011-06-24,34.6659744831095
2011-07-01,36.6540027883659
2011-07-08,39.4610607384215
2011-07-15,42.1635699514831
2011-07-22,44.233671979522
2011-07-29,46.7136430224906
2011-08-05,48.5283948528515
2011-08-12,52.3695678396602
2011-08-19,53.6944196095543
2011-08-26,56.7373677174551
2011-09-02,53.440066900914
2011-09-09,49.2204549420885
2011-09-16,53.233273843461
2011-09-23,54.5240694151936
2011-09-30,57.3126968731855
2011-10-07,61.4515499879913
2011-10-14,61.2960757081092
2011-10-21,46.3848385356602
2011-10-28,47.0995833616766
2011-11-04,50.5168476583337
2011-11-11,54.933651100958
2011-11-18,54.9279436173214
2011-11-25,57.6509049403987
2011-12-02,60.7417199282489
2011-12-09,65.387357748134
2011-12-16,62.5682284545402
2011-12-23,65.3803503273622
2011-12-30,66.812086494273
2012-01-06,62.1119084434761
2012-01-13,64.8530014449477
2012-01-20,66.3046071442073
2012-01-27,68.5556063167199
2012-02-03,67.6586824736341
2012-02-10,68.0528146561567
2012-02-17,61.3743932784562
2012-02-24,53.6204634172532
2012-03-02,51.8281235071109
2012-03-09,51.1129887810853
2012-03-16,51.3684322075978
2012-03-23,52.1879395939156
2012-03-30,52.5569614346583
2012-04-06,53.5429312994331
2012-04-13,55.3288028517747
2012-04-20,56.8963028859065
2012-04-27,54.9373663597378
2012-05-04,53.55496180443
2012-05-11,54.7801800572524
2012-05-18,51.7481915253614
2012-05-25,54.3087506780323
2012-06-01,52.1269332988711
2012-06-08,53.5524967145131
2012-06-15,56.2344785332468
2012-06-22,52.8062075824477
2012-06-29,51.3695535643668
2012-07-06,51.6016622038413
2012-07-13,53.102143772387
2012-07-20,51.9692127838713
2012-07-27,53.7259607039911
2012-08-03,55.6553272499139
2012-08-10,55.8036352670543
2012-08-17,56.0532101714148
2012-08-24,57.3311527373734
2012-08-31,55.0801065651351
2012-09-07,54.4945489569514
2012-09-14,56.4814772465863
2012-09-21,56.4434974302148
2012-09-28,55.1476340151764
2012-10-05,56.3485963550569
2012-10-12,56.8136880485786
2012-10-19,55.6988969153224
2012-10-26,55.6737146259804
2012-11-02,54.5452983168475
2012-11-09,52.5862686656679
2012-11-16,52.7793853623082
2012-11-23,50.5171835369112
2012-11-30,51.6393806750876
2012-12-07,49.6456914618369
2012-12-14,46.795392859244
2012-12-21,38.8084357804004
2012-12-28,38.4849334522567
2013-01-04,37.6723832656044
2013-01-11,38.9433612050261
2013-01-18,40.4222425710229
2013-01-25,32.778740141328
2013-02-01,31.9030469982306
2013-02-08,32.4013655802828
2013-02-15,33.153475896393
2013-02-22,31.7353631731828
2013-03-01,31.5406442135748
2013-03-08,32.6184787946918
2013-03-15,33.7845128578908
2013-03-22,33.3676726025073
2013-03-29,34.9797227774307
2013-04-05,36.586728702948
2013-04-12,35.6918059388164
2013-04-19,36.5371564590329
2013-04-26,35.6048958986145
2013-05-03,37.0221241273313
2013-05-10,37.9660867233092
2013-05-17,36.0893192864323
2013-05-24,36.2926594140567
2013-05-31,37.3860815378629
2013-06-07,37.7596656561368
2013-06-14,37.9027332798142
2013-06-21,38.9110719497041
2013-06-28,40.6744523547693
2013-07-05,38.7560967362046
2013-07-12,38.3261834209742
2013-07-19,36.8101299836249
2013-07-26,37.4481755229474
2013-08-02,38.9979982634256
2013-08-09,38.7849191376105
2013-08-16,39.6090598484826
2013-08-23,39.8163742571701
2013-08-30,39.3835456123498
2013-09-06,40.7865802854565
2013-09-13,41.5656922636256
2013-09-20,41.9115189338272
2013-09-27,41.9806476899013
2013-10-04,40.3303531172672
2013-10-11,41.0393242699376
2013-10-18,41.5555926150105
2013-10-25,41.7953384161054
2013-11-01,41.8051287702635
2013-11-08,39.0251287816806
2013-11-15,37.8259443623197
2013-11-22,36.1356428039514
2013-11-29,34.2511829928009
2013-12-06,34.5761805641813
2013-12-13,35.7048603503506
2013-12-20,35.1113108283001
2013-12-27,36.3459063491938
2014-01-03,36.1687058666969
2014-01-10,34.9285965177001
2014-01-17,36.6531591835969
2014-01-24,36.4883821468329
2014-01-31,37.6909264566984
2014-02-07,34.7688955579262
2014-02-14,35.3374172135375
2014-02-21,35.0727626486616
2014-02-28,32.4089053595281
2014-03-07,31.9282354557628
2014-03-14,30.8725051354336
2014-03-21,31.9933898345879
2014-03-28,32.7581570232233
2014-04-04,32.2901810778576
2014-04-11,33.8857877114092
2014-04-18,35.5772443786388
2014-04-25,33.4242834511268
2014-05-02,32.1540625427663
2014-05-09,31.0048464055944
2014-05-16,30.480795856649
2014-05-23,31.0456965091622
2014-05-30,30.6409891969334
2014-06-06,31.1872183703484
2014-06-13,32.2260494932088
2014-06-20,31.6478433202556
2014-06-27,31.4923325192076
2014-07-04,32.6289777367917
2014-07-11,31.3442482088992
2014-07-18,32.7557588695077
2014-07-25,31.4830407326594
2014-08-01,32.2486027276823
2014-08-08,33.0340451292407
2014-08-15,34.1524751476744
2014-08-22,32.7887966616114
2014-08-29,33.5070460729659
2014-09-05,34.021482251648
2014-09-12,35.5003332907074
2014-09-19,34.7224638809225
2014-09-26,32.6088854174749
2014-10-03,32.5959553350026
2014-10-10,33.1519070325325
2014-10-17,34.3637421736942
2014-10-24,34.9310901580562
2014-10-31,36.5135075347981
2014-11-07,35.8528470244825
2014-11-14,36.9739873755308
2014-11-21,35.954495275468
2014-11-28,37.0109873295155
2014-12-05,37.6449084389263
2014-12-12,36.0681393974504
2014-12-19,38.188534533806
2014-12-26,36.1037608876074
2015-01-02,35.857786092187
2015-01-09,34.4248818697399
2015-01-16,37.231279645426
2015-01-23,38.2672384262936
2015-01-30,40.0700421155755
2015-02-06,41.1411166035323
2015-02-13,41.8592386866722
2015-02-20,43.3013926380598
2015-02-27,43.8688722753529
2015-03-06,43.0809129988626
2015-03-13,38.8223507107768
2015-03-20,36.7003273180918
2015-03-27,36.9942491910678
2015-04-03,35.4440412129312
2015-04-10,36.0439840534551
2015-04-17,32.4221914622996
2015-04-24,34.299894690577
2015-05-01,35.2808205866613
2015-05-08,34.9948337015505
2015-05-15,34.4309323172125
2015-05-22,31.3343269310608
2015-05-29,30.6705688447793
2015-06-05,31.5620301250312
2015-06-12,30.7284698224295
2015-06-19,27.9070087450202
2015-06-26,28.2950298113621
2015-07-03,30.2337888915704
2015-07-10,32.1399965387324
2015-07-17,32.1850886698862
2015-07-24,33.3388803506785
2015-07-31,32.0053809181982
2015-08-07,30.5469321019165
2015-08-14,29.8991890823027
2015-08-21,30.7072070944151
2015-08-28,32.4921452746564
2015-09-04,32.3647274914642
2015-09-11,34.0065146133687
2015-09-18,32.1224517100059
2015-09-25,32.5635919409322
2015-10-02,33.138346099509
2015-10-09,31.0956094889308
2015-10-16,32.9782874443483
2015-10-23,29.942703820341
2015-10-30,29.9337360547124
2015-11-06,30.6382810573742
2015-11-13,31.2788994955998
2015-11-20,32.4139438080626
2015-11-27,31.1662952916384
2015-12-04,30.4697221756838
2015-12-11,31.2335405840369
2015-12-18,33.0562331506032
2015-12-25,33.726940859313
2016-01-01,31.3090657067207
2016-01-08,30.1906399556092
2016-01-15,32.8664753832256
2016-01-22,34.2674963864168
2016-01-29,34.992714871774
2016-02-05,35.7319363085798
2016-02-12,37.5820926827929
2016-02-19,39.810351229957
2016-02-26,39.5833681358502
2016-03-04,41.0234108442116
2016-03-11,43.7352816500763
2016-03-18,45.5769006277423
2016-03-25,46.960797297422
2016-04-01,48.4122401887628
2016-04-08,48.4200368655526
2016-04-15,49.078310107315
2016-04-22,51.3035591280951
2016-04-29,52.6530808235106
2016-05-06,52.5816193038898
2016-05-13,54.5147803679791
2016-05-20,48.9069481607516
2016-05-27,48.4363988553581
2016-06-03,49.5321887010451
2016-06-10,50.8866314061472
2016-06-17,52.184508449851
2016-06-24,50.4721867409768
2016-07-01,53.6344582677339
2016-07-08,49.9204848977991
2016-07-15,46.4412013991524
2016-07-22,48.8139358972586
2016-07-29,46.5529212035216
2016-08-05,42.9761850896483
2016-08-12,42.0820237928363
2016-08-19,42.5113572421708
2016-08-26,43.7689214464611
2016-09-02,45.3711916724342
2016-09-09,46.8410685156077
2016-09-16,41.7568079874461
2016-09-23,43.8206782920175
2016-09-30,42.9835759278366
2016-10-07,41.5411190398342
2016-10-14,41.88014644826
2016-10-21,38.3280562677383
2016-10-28,40.0878898505759
2016-11-04,40.7717916648225
2016-11-11,42.1065943671322
2016-11-18,43.7079446242258
2016-11-25,42.6511798729828
2016-12-02,39.4551540206364
2016-12-09,37.3561725016814
2016-12-16,40.2931504540765
2016-12-23,40.78826711851
2016-12-30,37.3056490536912
2017-01-06,36.3595215186617
2017-01-13,37.4357116903442
2017-01-20,36.370444528301
2017-01-27,35.3887018413381
2017-02-03,35.2653709304466
2017-02-10,34.4216050389619
2017-02-17,36.1340277910765
2017-02-24,35.2138977326443
2017-03-03,35.7199396334615
2017-03-10,37.8837227000928
2017-03-17,38.5365401876076
2017-03-24,35.2130563363895
2017-03-31,30.5234320002163
2017-04-07,30.35848844798
2017-04-14,29.8925294069994
2017-04-21,31.4906735643986
2017-04-28,32.8241749314526
2017-05-05,34.4181330425548
2017-05-12,35.8400791880856
2017-05-19,35.9199122030653
2017-05-26,34.6319403680328
2017-06-02,32.0919923767205
2017-06-09,32.7987813296012
2017-06-16,33.3045164510483
2017-06-23,33.6120964962437
2017-06-30,32.1639740068168
2017-07-07,32.4749722568846
2017-07-14,33.4188801024127
2017-07-21,29.7038290839941
2017-07-28,30.3606763134659
2017-08-04,31.0256666044568
2017-08-11,30.7510232757968
2017-08-18,31.8745461438
2017-08-25,31.1583302183479
2017-09-01,30.9852981845939
2017-09-08,28.142493749681
2017-09-15,28.8265341444297
2017-09-22,29.8855883440363
2017-09-29,29.8866727254957
2017-10-06,29.9414866436126
2017-10-13,29.4996776438262
2017-10-20,29.7751509174252
2017-10-27,29.3262574350354
2017-11-03,27.1275374196405
2017-11-10,26.5790825327422
2017-11-17,26.3904196772122
2017-11-24,26.1604789175204
2017-12-01,25.5788371719121
2017-12-08,25.3558248575019
2017-12-15,26.4682112423095
2017-12-22,26.9517635420784
2017-12-29,25.5586862187504
2018-01-05,25.7104471799059
2018-01-12,26.3711894498442
2018-01-19,27.6214252777503
2018-01-26,24.6523298164951
2018-02-02,25.1717422426663
2018-02-09,26.2143538554247
2018-02-16,27.8115534034162
2018-02-23,27.9052562966583
2018-03-02,24.4708481652656
2018-03-09,25.5169202617232
2018-03-16,24.649956323903
2018-03-23,23.0141576647758
2018-03-30,24.7510319437082
2018-04-06,24.8709540470618
2018-04-13,23.9297057625192
2018-04-20,24.1070551852235
2018-04-27,24.7427287194154
2018-05-04,24.1627825691606
2018-05-11,23.3086167956661
2018-05-18,23.0098066083859
2018-05-25,24.4772908005057
2018-06-01,25.8209372266962
2018-06-08,29.9797500421817
2018-06-15,27.5312281142532
2018-06-22,25.2064059677343
2018-06-29,24.5696687196473
2018-07-06,25.0607456860636
2018-07-13,25.9020945759096
2018-07-20,26.607127750347
2018-07-27,25.2874891406208
2018-08-03,26.7277815071274
2018-08-10,26.5487343780431
2018-08-17,27.7774146458002
2018-08-24,29.1287046737537
2018-08-31,29.0633149005932
2018-09-07,29.6024108441737
2018-09-14,26.0113418840268
2018-09-21,26.8652575204732
2018-09-28,28.3649445449193
2018-10-05,29.8935950829113
2018-10-12,29.6995522499853
2018-10-19,30.6249259048632
2018-10-26,31.1230632239674
2018-11-02,34.0440211720265
2018-11-09,34.037214680721
2018-11-16,32.1553769853685
2018-11-23,33.2859447804088
2018-11-30,32.5600239256483
2018-12-07,32.4788407355924
2018-12-14,34.2039373302491
2018-12-21,32.4312855449917
2018-12-28,34.1811826686179
2019-01-04,29.7693491441057
2019-01-11,31.2819271510059
2019-01-18,31.2706601298299
2019-01-25,32.0936278063978
2019-02-01,31.8819720975017
2019-02-08,33.4869490443794
2019-02-15,33.2867737551341
2019-02-22,34.4613839368462
2019-03-01,31.065839174302
2019-03-08,32.4748389158668
2019-03-15,34.0530358364372
2019-03-22,35.3637064250137
2019-03-29,36.2678954765499
2019-04-05,35.0011621819892
2019-04-12,36.2542214652408
2019-04-19,36.6199253018496
2019-04-26,36.5777161873625
2019-05-03,37.0817787200233
2019-05-10,34.6648784441878
2019-05-17,36.4965960690122
2019-05-24,34.2201618098658
2019-05-31,35.3750414340301
2019-06-07,36.0762797910963
2019-06-14,32.9991028008334
2019-06-21,30.9584306999453
2019-06-28,30.3551745959199
2019-07-05,30.5453501173383
2019-07-12,31.8023676337371
2019-07-19,31.3613342242999
2019-07-26,31.9258743352236
2019-08-02,31.5438372083439
2019-08-09,33.4333563216882
2019-08-16,34.7159199627934
2019-08-23,33.5148554453381
2019-08-30,33.165515950436
2019-09-06,33.7221653232818
2019-09-13,34.8018916888864
2019-09-20,36.9179938315939
2019-09-27,35.6314560632856
2019-10-04,36.0096932674531
2019-10-11,37.2462503720305
2019-10-18,38.9960312031377
2019-10-25,38.9296329184352
2019-11-01,38.2738017612088
2019-11-08,38.2554912118581
2019-11-15,39.1332509079981
2019-11-22,37.8724881751483
2019-11-29,35.5397350007041
2019-12-06,34.2792918079977
2019-12-13,32.6690298429763
2019-12-20,32.8095175183456
2019-12-27,33.0493898102206
2020-01-03,32.3772414532207
2020-01-10,31.5505259796688
2020-01-17,30.3078194746515
2020-01-24,30.1781535765214
2020-01-31,30.5065281364708
2020-02-07,30.665839258889
2020-02-14,32.6629524049942
2020-02-21,32.1980511473735
2020-02-28,32.4159808487056
2020-03-06,35.7607671121643
2020-03-13,38.7910563091567
2020-03-20,45.5105550465636
2020-03-27,49.0029154497746
2020-04-03,52.3967348443941
2020-04-10,58.1796305997528
2020-04-17,63.2746271996682
2020-04-24,66.2333938658025
2020-05-01,63.2578582838032
2020-05-08,66.2776406594581
2020-05-15,63.7481101355763
2020-05-22,65.2038862957449
2020-05-29,64.584688561691
2020-06-05,66.1319836689131
2020-06-12,70.4464528606589
2020-06-19,72.2784210033171
2020-06-26,61.2798666368119
2020-07-03,58.4756173052914
2020-07-10,58.3492447842046
2020-07-17,52.8076037063484
2020-07-24,51.1796130842218
2020-07-31,49.2285111681245
2020-08-07,52.2654846288846
2020-08-14,51.9314871372899
2020-08-21,51.2109763793544
2020-08-28,51.3508283520032
2020-09-04,52.2372688889073
2020-09-11,50.3700238944473
2020-09-18,48.628652514885
2020-09-25,49.1043327279583
2020-10-02,52.625939771224
2020-10-09,50.8957384803387
2020-10-16,52.1961276922187
2020-10-23,52.3772004783254
2020-10-30,51.297404840852
2020-11-06,53.7004906087387
2020-11-13,55.4515335903464
2020-11-20,60.3342796957638
2020-11-27,59.2248688842141
2020-12-04,59.6753588712068
2020-12-11,58.8114383013149
2020-12-18,59.7382393194364
2020-12-25,52.5631283405296
2021-01-01,44.9001108101142
2021-01-08,41.9372815993332
2021-01-15,43.2137853555561
2021-01-22,42.6146714156333
2021-01-29,42.7758605390056
2021-02-05,44.0568767011233
2021-02-12,47.2884676756653
2021-02-19,46.5310694933306
2021-02-26,46.9400637452832
2021-03-05,44.8283552277102
2021-03-12,45.3021238880954
2021-03-19,44.3272755892049
2021-03-26,39.8429981976104
2021-04-02,36.730484287442
2021-04-09,33.9606566542908
2021-04-16,32.7123820970552
2021-04-23,31.3565477971411
2021-04-30,32.6268782622656
2021-05-07,35.4605676268687
2021-05-14,35.7172377424622
2021-05-21,37.115300656467
2021-05-28,31.4655432263935
2021-06-04,31.3246281799126
2021-06-11,30.3380318263739
2021-06-18,29.8840861224125
2021-06-25,31.8886225079509
2021-07-02,32.5845963095748
2021-07-09,33.436472856867
2021-07-16,33.778402204516
2021-07-23,34.8796594849406
2021-07-30,35.6467592585501
2021-08-06,35.4603582768773
2021-08-13,37.5006512566436
2021-08-20,36.7665017430837
2021-08-27,38.3414641635903
2021-09-03,38.4678759455322
2021-09-10,31.3436677101602
2021-09-17,31.1943813712726
2021-09-24,30.6283933495036
2021-10-01,30.8258512569385
2021-10-08,31.4434631763467
2021-10-15,33.3330061585016
2021-10-22,32.1235923637994
2021-10-29,30.8875650381736
2021-11-05,25.310029435884
2021-11-12,26.9659238023809
2021-11-19,26.4858867063673
2021-11-26,29.5156481212941
2021-12-03,32.8812836051949
2021-12-10,33.3854621828623
2021-12-17,34.4575118203725
2021-12-24,33.2840758492834
2021-12-31,35.4610230139049
2022-01-07,34.4047785633797
2022-01-14,37.7097693387252
2022-01-21,37.5283573633125
2022-01-28,39.0426513274786
2022-02-04,38.226829109018
2022-02-11,39.6968218977393
2022-02-18,41.1323785811803
2022-02-25,43.7064574413839
2022-03-04,47.5011253281436
2022-03-11,54.9292938551944
2022-03-18,55.9237650217189
2022-03-25,58.8724521167092
2022-04-01,56.4228440622779
2022-04-08,54.9561156876529
2022-04-15,54.5215968611971
2022-04-22,43.3109847930913
2022-04-29,43.2699023609591
2022-05-06,46.2474287432393
2022-05-13,48.2155073278934
2022-05-20,49.63220489668
2022-05-27,48.0448575507406
2022-06-03,50.3575426198194
2022-06-10,48.6541778560576
2022-06-17,51.9611408117397
2022-06-24,48.2721967801892
2022-07-01,44.7800912402725
2022-07-08,48.4691096783669
2022-07-15,40.1883616379581
2022-07-22,45.8362485144244
2022-07-29,48.4073459874693
2022-08-05,50.6303165022182
2022-08-12,51.2172095607406
2022-08-19,50.4987455932911
2022-08-26,51.6693736996923
2022-09-02,52.8232774331681
2022-09-09,53.1421270965584
2022-09-16,54.1787640459672
2022-09-23,53.1864139094717
2022-09-30,54.4577548539824
2022-10-07,57.0906088279249
2022-10-14,53.5902857574469
2022-10-21,52.9639834111519
2022-10-28,55.3232460682256
2022-11-04,54.5213547642294
2022-11-11,54.9975757336203
2022-11-18,42.1477425032525
2022-11-25,45.078170540113
2022-12-02,45.3483002309609
2022-12-09,45.0009952870967
2022-12-16,40.9956569211219
2022-12-23,37.9219279438646
2022-12-30,43.6644587412943
2023-01-06,39.2699972211457
2023-01-13,47.1151099169919
2023-01-20,43.6304486803393
2023-01-27,39.7743739523577
2023-02-03,42.9465373732884
2023-02-10,42.6934358030469
2023-02-17,42.5470413996478
2023-02-24,44.5236121899609
2023-03-03,45.0033841599194
2023-03-10,46.6011370433631
2023-03-17,48.7593295495574
2023-03-24,56.7482852420116
2023-03-31,49.6906896314558
2023-04-07,52.4280631160909
2023-04-14,49.2775475721898
2023-04-21,49.8507670731882
2023-04-28,41.4639638631313
2023-05-05,45.3010652996387
2023-05-12,43.6349021253798
2023-05-19,41.9078182462982
2023-05-26,41.5187980010328
2023-06-02,42.5682479290934
2023-06-09,34.8085872040974
2023-06-16,28.72657530205
2023-06-23,31.384291114765
2023-06-30,42.2708288804272
2023-07-07,47.0111218857412
2023-07-14,44.0091816589693
2023-07-21,45.9998928005484
2023-07-28,44.8002691941332
2023-08-04,43.0879542379408
2023-08-11,40.5399402876318
2023-08-18,39.5502799470872
2023-08-25,41.632518927927
2023-09-01,36.9843437706455
2023-09-08,37.5394435621853
2023-09-15,42.3423937221791
2023-09-22,40.685720522607
2023-09-29,34.4398780346529
2023-10-06,38.4378255487351
2023-10-13,36.9175909191384
2023-10-20,39.4074903455954
2023-10-27,42.8964649608372
2023-11-03,24.982909068645
2023-11-10,39.9366148583586
2023-11-17,24.6931380326757
2023-11-24,30.2702238528854
2023-12-01,26.1360496926037
2023-12-08,28.7910205319482
2023-12-15,32.2943959545834
2023-12-22,32.9223399027395
2023-12-29,30.7665566858243
2024-01-05,26.5361770756744
2024-01-12,32.6090551033983
2024-01-19,36.2573467093515
2024-01-26,34.4179911222332
2024-02-02,35.9924060439181
2024-02-09,32.5169256868636
2024-02-16,34.5000512540156
2024-02-23,35.49954020072
2024-03-01,38.5451278453444
2024-03-08,33.7075140130048
2024-03-15,35.4819156226289
2024-03-22,37.7037964202361
2024-03-29,38.7180581803465
2024-04-05,39.458068868363
2024-04-12,37.8316669350614
2024-04-19,38.7321081800517
2024-04-26,38.5151099395129
2024-05-03,40.4037066831085
2024-05-10,40.5892537192185
2024-05-17,41.705623238518
2024-05-24,41.9012502936713
2024-05-31,41.3137074607475
2024-06-07,35.3430251343572
2024-06-14,33.9541712870393
2024-06-21,38.4244027520299
2024-06-28,38.2673376946058
2024-07-05,35.8551230988395
2024-07-12,38.0706481916473
2024-07-19,35.5800664842826
2024-07-26,33.0139938218543
2024-08-02,32.9448512822428
2024-08-09,37.6480078584481
2024-08-16,33.8145846841673
2024-08-23,36.1815861940958
2024-08-30,36.6448300556558
2024-09-06,37.2283515309963
2024-09-13,39.004368712581
2024-09-20,39.5954381211161
2024-09-27,40.5149428906737
2024-10-04,38.6293504570475
2024-10-11,40.3593919078266
2024-10-18,40.0325157642682
2024-10-25,40.1110992843517
2024-11-01,40.6217828985881
2024-11-08,40.9760227607972
2024-11-15,42.3429274796475
2024-11-22,41.6851991614146
2024-11-29,43.1676933134877
2024-12-06,40.2209880956351
2024-12-13,42.5462869215994
2024-12-20,40.3811949612788
2024-12-27,41.5077881588325
2025-01-03,39.767173824014
2025-01-10,34.059513497473
2025-01-17,36.4263691697989
2025-01-24,38.9503466005575
2025-01-31,39.5774148707748
2025-02-07,38.1164946915879
2025-02-14,40.4490366404917
2025-02-21,41.1183856504868
2025-02-28,40.980063586029
2025-03-07,43.0654784916367
2025-03-14,45.2715441437535
2025-03-21,42.0074118815358
2025-03-28,39.9739775016825
2025-04-04,39.1255011370561
2025-04-11,45.0854049496288
2025-04-18,43.6588928754927
2025-04-25,46.785664335102
2025-05-02,48.7356760851164
2025-05-09,47.7670744979444
2025-05-16,48.0524924716288
2025-05-23,48.5205938537396
2025-05-30,46.1771947991351
2025-06-06,43.7110115130355
2025-06-13,42.3491905725053
2025-06-20,43.118286607288
2025-06-27,39.1432133989407
